date,Global_active_power,Global_intensity,Sub_metering_1,Sub_metering_2,Sub_metering_3,Temp_Min,Temp_Max,Humidity_Min,Humidity_Max
2007-01-01,2749.004,11400.4,0,352,5880,43,57,54,94
2007-01-02,1269.236,5348.2,0,348,6562,39,46,76,87
2007-01-03,1014.054,4340.2,0,344,4765,39,46,81,93
2007-01-04,3259.4120000000003,13648.6,1051,7597,10896,45,52,66,93
2007-01-05,2713.364,11354.6,1483,379,7602,48,52,76,94
2007-01-06,1508.378,6543.2,1336,402,5678,46,55,81,100
2007-01-07,2447.62,10487.0,1987,8177,12810,41,52,71,100
2007-01-08,2241.36,9434.4,0,467,17547,50,55,76,94
2007-01-09,1869.054,7950.400000000001,1688,4267,9790,52,57,72,94
2007-01-10,2154.8,9155.2,771,4456,11012,41,55,76,88
2007-01-11,2255.194,9588.0,1378,2170,12415,39,54,76,93
2007-01-12,1461.296,6205.2,0,439,8276,43,54,77,93
2007-01-13,3186.814,13612.4,7806,2975,11341,50,54,82,94
2007-01-14,3007.816,12905.4,1777,4215,12975,37,54,58,94
2007-01-15,2148.678,9016.6,1099,2239,15163,0,46,81,100
2007-01-16,1686.404,7165.4,2063,644,6583,41,50,81,93
2007-01-17,2847.688,11928.8,3500,5737,16064,48,55,77,94
2007-01-18,1821.462,7693.2,0,336,13491,52,59,82,94
2007-01-19,1480.44,6301.8,2103,330,7172,55,59,77,94
2007-01-20,3133.732,13461.2,4324,5222,11440,46,57,72,94
2007-01-21,3407.262,14674.6,10346,5567,11599,39,50,54,87
2007-01-22,2180.494,9151.6,1054,2983,11361,36,45,81,93
2007-01-23,1777.64,7575.6,0,1064,5061,32,41,20,81
2007-01-24,2987.854,12576.4,3464,2480,11744,30,37,75,93
2007-01-25,1596.344,6666.2,1158,262,11239,27,32,64,86
2007-01-26,1617.972,6798.8,1163,261,8238,23,37,56,93
2007-01-27,2044.072,8567.8,1170,3896,12374,34,48,66,93
2007-01-28,3090.204,13143.4,3466,3997,12045,0,45,71,100
2007-01-29,1982.664,8336.0,1123,294,15254,37,52,67,93
2007-01-30,1707.798,7240.6,1123,1424,8149,37,48,71,100
2007-01-31,2363.752,9970.0,0,5950,15052,39,48,62,93
2007-02-01,1824.76,7678.8,1170,386,13145,43,52,76,93
2007-02-02,1667.7359999999999,7014.0,0,356,11338,48,50,87,100
2007-02-03,4029.7219999999998,17015.0,4746,4573,17834,39,50,54,87
2007-02-04,3595.94,15214.2,3391,4597,14472,36,52,54,93
2007-02-05,1645.28,6941.4,896,2564,7849,37,43,76,93
2007-02-06,1273.48,5431.6,1185,405,4517,37,45,71,93
2007-02-07,2328.018,9780.0,3299,3513,11986,32,39,75,100
2007-02-08,1801.414,7557.6,2226,366,10157,34,34,93,93
2007-02-09,1620.198,6807.2,0,3045,9770,37,50,62,93
2007-02-10,2829.328,11957.4,5071,2831,14405,46,46,87,87
2007-02-11,3571.228,15158.6,2430,4765,13114,48,54,67,94
2007-02-12,1877.61,7925.0,2227,399,11517,45,54,58,94
2007-02-13,1414.546,5967.0,0,2828,6256,45,52,58,87
2007-02-14,2498.672,10533.8,3295,3793,11579,43,52,66,94
2007-02-15,1985.346,8381.2,0,2363,14028,34,50,62,100
2007-02-16,1702.528,7267.0,1148,859,8689,36,55,54,87
2007-02-17,2076.912,8826.0,1765,2226,7157,41,64,42,76
2007-02-18,3829.7619999999997,16184.0,6107,8003,13129,41,61,52,100
2007-02-19,2186.614,9276.8,1634,2900,13085,43,50,76,100
2007-02-20,3149.928,13202.6,2058,5191,9713,37,57,63,100
2007-02-21,2072.874,8747.2,3527,2332,11548,43,55,47,93
2007-02-22,3369.478,14194.199999999999,1409,4129,12251,37,54,67,93
2007-02-23,1313.48,5508.6,0,503,10786,45,52,76,93
2007-02-24,714.922,3003.6,0,363,3562,48,54,71,93
2007-02-25,501.74,2105.6,0,329,1660,43,52,71,94
2007-02-26,568.484,2388.8,0,331,2830,43,54,54,93
2007-02-27,518.112,2195.4,0,314,1924,41,55,82,94
2007-02-28,520.774,2201.0,0,340,1973,48,57,72,94
2007-03-01,517.564,2172.8,0,316,1980,46,52,67,93
2007-03-02,515.688,2169.8,0,340,1969,39,54,67,100
2007-03-03,819.122,3457.6,0,347,4597,43,55,51,94
2007-03-04,2090.7,8867.8,1476,8711,9408,39,61,59,100
2007-03-05,2660.332,11290.0,5727,12109,10026,46,55,47,93
2007-03-06,1246.5,5321.8,0,1740,4700,48,50,66,87
2007-03-07,2375.206,9986.4,1076,4761,15513,0,54,0,93
2007-03-08,1572.1319999999998,6717.8,2180,3385,6655,36,59,42,93
2007-03-09,1272.612,5373.0,1093,345,8631,39,54,47,93
2007-03-10,2484.712,10572.4,4130,5422,10979,34,59,39,93
2007-03-11,3480.636,14575.0,4810,3420,9500,34,59,44,100
2007-03-12,1950.6680000000001,8249.0,1403,2841,12353,34,61,42,93
2007-03-13,1290.144,5480.2,1350,3859,5323,36,61,34,93
2007-03-14,1793.364,7585.2,3485,480,8607,41,59,39,93
2007-03-15,1884.814,7953.4,0,3263,11036,39,59,45,81
2007-03-16,1702.054,7189.0,1106,4604,5370,34,57,51,93
2007-03-17,2028.09,8562.4,2208,359,12275,43,52,76,87
2007-03-18,2371.046,10091.4,6564,7369,5856,39,50,50,93
2007-03-19,2152.518,9046.0,1648,2686,14118,36,45,61,87
2007-03-20,2086.228,8857.8,3745,2837,11255,32,46,62,93
2007-03-21,2142.092,8981.6,1865,4133,12335,36,45,57,87
2007-03-22,1454.978,6081.2,353,736,10462,39,48,43,75
2007-03-23,1309.008,5477.4,1127,777,8369,30,43,65,87
2007-03-24,2968.43,12532.8,3707,5797,16382,36,45,81,93
2007-03-25,3336.124,13990.4,4630,3600,9358,43,50,62,93
2007-03-26,1416.082,6023.6,1088,344,9096,36,59,51,93
2007-03-27,1105.14,4747.0,0,3019,3697,37,63,39,93
2007-03-28,2333.898,9870.6,1122,8527,13888,39,64,39,93
2007-03-29,1590.406,6734.599999999999,1162,460,10724,45,54,58,87
2007-03-30,1402.394,6033.0,1094,468,8217,37,46,62,93
2007-03-31,3509.5099999999998,14781.199999999999,2620,7707,17682,34,46,71,93
2007-04-01,2785.952,11735.2,4629,5401,19509,43,61,48,93
2007-04-02,1960.778,8226.2,1755,970,16641,46,66,43,87
2007-04-03,1642.82,6978.6,3630,1042,7637,45,57,48,76
2007-04-04,2051.868,8620.2,3434,420,14748,39,54,41,87
2007-04-05,1844.078,7907.8,1086,4277,10523,39,61,29,70
2007-04-06,1601.14,6751.599999999999,0,5466,9166,43,66,32,87
2007-04-07,1553.924,6573.0,1127,3111,5923,43,61,45,93
2007-04-08,1608.816,6796.6,0,485,3545,41,63,39,81
2007-04-09,1000.92,4283.4,2667,514,3801,39,66,32,93
2007-04-10,777.364,3380.2,209,742,2572,45,66,32,93
2007-04-11,887.482,3771.0,0,1112,6421,46,68,46,87
2007-04-12,537.706,2301.0,0,541,1818,46,75,38,87
2007-04-13,551.022,2366.4,0,558,1988,54,75,44,82
2007-04-14,554.268,2378.0,0,578,2008,52,79,44,88
2007-04-15,726.164,3148.6,0,1026,2893,52,81,42,94
2007-04-16,952.39,4136.4,952,1305,4656,64,64,68,68
2007-04-17,1223.734,5314.8,1532,389,6199,52,68,49,82
2007-04-18,998.246,4313.4,1579,355,3430,45,63,34,87
2007-04-19,1028.658,4400.4,733,1605,5748,39,66,28,87
2007-04-20,822.58,3592.6,1069,360,3499,45,68,37,81
2007-04-21,1673.656,7251.4,6575,463,11129,46,70,27,71
2007-04-22,2233.714,9631.4,4264,2287,11102,39,75,29,93
2007-04-23,1054.566,4700.4,1402,506,6005,48,79,34,87
2007-04-24,1032.1,4528.6,1125,527,6680,54,79,36,88
2007-04-25,1264.162,5555.6,0,1469,8812,54,82,26,82
2007-04-26,1275.466,5650.2,1324,1845,7163,55,77,47,77
2007-04-27,1094.3319999999999,4770.0,1772,545,4756,55,81,32,94
2007-04-28,22.738,97.4,0,18,0,55,81,32,94
2007-04-29,0.0,0.0,0,0,0,55,75,44,88
2007-04-30,420.822,1865.8000000000002,1214,500,1131,52,73,44,94
2007-05-01,1663.858,7305.6,4005,995,8546,52,73,29,58
2007-05-02,1003.486,4523.8,7,1490,3754,52,70,35,72
2007-05-03,1090.238,4763.0,1906,1725,7836,46,70,35,93
2007-05-04,998.128,4432.4,2259,538,3990,50,68,46,88
2007-05-05,1563.052,6820.0,2913,2493,11303,50,61,63,88
2007-05-06,2102.104,9229.0,3215,949,10095,45,68,49,93
2007-05-07,1643.664,7172.6,946,4935,9433,55,66,64,88
2007-05-08,1789.292,7713.2,4581,2011,8777,55,70,49,94
2007-05-09,1665.736,7280.8,3018,5631,9474,59,59,88,88
2007-05-10,707.884,3177.8,946,534,3261,54,75,41,88
2007-05-11,979.154,4359.8,926,491,6471,54,64,48,94
2007-05-12,1441.566,6279.2,2247,1075,10408,54,68,49,88
2007-05-13,1634.738,7155.6,3612,2414,8958,50,75,43,94
2007-05-14,1467.782,6586.8,3176,2417,5517,52,64,52,94
2007-05-15,904.392,3936.0,0,408,5318,46,63,48,93
2007-05-16,1692.944,7303.400000000001,2213,5756,9077,52,64,48,100
2007-05-17,1231.816,5358.2,1014,2073,7687,54,64,77,94
2007-05-18,1631.53,7022.4,3270,3913,8116,59,75,57,94
2007-05-19,1429.442,6219.8,4683,530,7022,57,68,55,88
2007-05-20,1968.328,8555.8,5420,1733,7611,50,59,54,94
2007-05-21,1120.062,4807.6,0,468,9060,55,77,50,94
2007-05-22,1132.852,4895.8,931,3966,3984,54,73,57,94
2007-05-23,1464.936,6332.4,956,3792,8119,57,72,60,88
2007-05-24,1154.388,4985.4,955,4116,4746,57,81,47,88
2007-05-25,1614.22,7003.4,8060,586,6539,59,84,45,94
2007-05-26,1512.248,6570.4,2373,2754,8628,55,70,68,100
2007-05-27,2153.808,9369.4,4366,5534,10444,48,59,63,94
2007-05-28,1637.468,7087.6,4554,473,9586,48,61,63,94
2007-05-29,1061.34,4618.4,0,1907,4332,45,63,37,93
2007-05-30,1609.866,6953.0,2250,5948,7804,45,61,71,88
2007-05-31,938.55,4020.2000000000003,935,477,3552,48,66,52,100
2007-06-01,1044.9180000000001,4512.2,0,483,7664,46,66,49,94
2007-06-02,1484.362,6442.6,3971,1250,7633,54,75,44,88
2007-06-03,2108.026,9148.2,4985,7529,8334,57,75,50,88
2007-06-04,911.6179999999999,4064.0,1585,836,4533,64,64,77,77
2007-06-05,1458.892,6429.8,4484,1027,6448,59,75,57,88
2007-06-06,1693.638,7351.599999999999,3329,829,11663,59,79,42,88
2007-06-07,985.002,4294.6,985,699,3959,59,73,73,94
2007-06-08,2148.046,9285.4,2799,11440,11380,63,73,69,94
2007-06-09,1059.814,4565.2,852,596,6590,63,75,53,88
2007-06-10,1340.812,5768.2,4202,1924,5983,59,77,54,100
2007-06-11,794.654,3481.8,0,487,5328,61,77,50,94
2007-06-12,918.7660000000001,4116.4,1882,475,3898,61,73,53,94
2007-06-13,927.272,4057.2,957,857,5216,55,79,44,100
2007-06-14,1259.084,5448.0,3322,2147,7054,59,73,69,100
2007-06-15,989.604,4415.4,2269,4011,4547,59,70,56,94
2007-06-16,2017.762,8604.0,3289,4498,11108,57,70,49,88
2007-06-17,1947.09,8307.8,4124,5038,8734,52,72,50,94
2007-06-18,678.474,2993.4,0,529,4241,57,79,47,100
2007-06-19,842.36,3682.4,973,535,4357,61,90,33,94
2007-06-20,1074.286,4761.8,1761,2588,5106,59,75,44,94
2007-06-21,806.946,3601.2,932,2400,3711,59,72,43,94
2007-06-22,566.294,2602.6,0,951,3482,57,64,68,94
2007-06-23,477.56600000000003,2211.4,0,786,2402,57,72,50,94
2007-06-24,714.656,3179.0,0,791,3449,55,73,52,94
2007-06-25,1072.202,4680.0,1985,3621,4816,55,70,38,88
2007-06-26,944.908,4143.0,971,1334,5231,55,63,55,94
2007-06-27,1480.826,6378.0,2603,6451,7270,52,64,49,88
2007-06-28,1295.438,5601.0,0,4368,9541,54,66,49,88
2007-06-29,1304.198,5673.2,4363,667,6797,57,66,63,88
2007-06-30,1335.314,5719.0,3049,792,8376,59,73,57,94
2007-07-01,1026.664,4436.2,969,736,4690,63,73,50,88
2007-07-02,967.032,4216.0,1018,5281,3445,59,73,38,94
2007-07-03,1059.912,4652.2,467,3214,4695,55,68,64,94
2007-07-04,1003.41,4457.4,2329,2218,5632,54,66,52,88
2007-07-05,1057.29,4655.8,2922,770,3973,55,66,52,94
2007-07-06,1069.5240000000001,4706.8,2826,3563,4005,57,72,43,94
2007-07-07,1358.2060000000001,5810.2,997,3047,10177,55,72,49,82
2007-07-08,1089.08,4736.6,1825,2831,5277,57,70,49,88
2007-07-09,1180.158,5063.4,923,594,9386,50,64,64,100
2007-07-10,908.3240000000001,4012.0,67,2227,4631,52,64,68,94
2007-07-11,722.352,3167.2,1015,647,5284,54,70,52,94
2007-07-12,1069.5819999999999,4656.4,1029,2550,6419,54,70,68,94
2007-07-13,794.3820000000001,3529.2,0,633,4427,59,84,42,94
2007-07-14,1288.17,5607.4,3775,1968,6604,66,86,40,78
2007-07-15,917.024,4050.0,862,632,5585,63,90,35,94
2007-07-16,853.674,3831.2,830,695,4176,61,77,47,94
2007-07-17,719.632,3277.8,848,694,3335,57,77,39,100
2007-07-18,757.082,3437.0,909,671,4628,59,77,34,82
2007-07-19,677.886,3087.2,1068,703,3130,61,79,42,77
2007-07-20,1110.422,4970.400000000001,2111,2418,4765,59,73,46,94
2007-07-21,1060.248,4739.8,428,512,7756,52,72,40,94
2007-07-22,1375.774,6082.0,7091,2136,5563,54,72,46,88
2007-07-23,991.0179999999999,4429.4,1747,1288,3847,59,70,68,94
2007-07-24,825.284,3673.4,0,1607,5599,59,73,47,94
2007-07-25,472.56,2130.2,0,151,2333,54,75,38,100
2007-07-26,924.5,4087.0,975,3633,4346,57,77,47,88
2007-07-27,1202.514,5217.599999999999,1837,49,7157,61,75,53,94
2007-07-28,1621.862,7116.0,907,10265,6559,61,72,53,94
2007-07-29,321.116,1488.2,0,0,1288,59,70,64,94
2007-07-30,466.81600000000003,2112.8,0,0,2528,48,72,33,100
2007-07-31,812.332,3603.6,3277,0,3575,50,72,33,87
2007-08-01,1060.338,4616.6,1583,0,9812,54,81,36,72
2007-08-02,1019.4159999999999,4445.4,482,0,6869,59,73,47,94
2007-08-03,1063.364,4618.4,958,0,9139,70,70,56,56
2007-08-04,1144.99,4971.4,552,398,7966,54,82,37,100
2007-08-05,787.098,3509.0,169,0,6647,59,91,29,88
2007-08-06,1089.72,4776.6,1096,0,7985,59,72,64,94
2007-08-07,1483.58,6373.4,437,2168,9042,50,73,41,100
2007-08-08,1125.482,4868.0,1055,1111,9660,55,63,72,100
2007-08-09,1071.68,4712.2,182,4515,6646,54,64,56,88
2007-08-10,1028.01,4506.8,336,2651,8287,57,64,72,94
2007-08-11,1091.65,4731.4,1180,910,10339,61,70,68,88
2007-08-12,1241.904,5389.6,1123,1156,8582,55,77,54,100
2007-08-13,1153.012,4966.2,93,476,11101,55,73,44,94
2007-08-14,941.19,4110.0,951,685,6256,54,75,50,94
2007-08-15,1191.8600000000001,5100.6,338,508,9787,64,70,83,94
2007-08-16,958.496,4095.2,962,0,7476,55,68,52,94
2007-08-17,1009.892,4293.4,244,0,7769,54,68,49,94
2007-08-18,347.96,1553.6,0,0,1830,50,70,49,94
2007-08-19,1422.294,6137.2,1025,8912,5989,57,68,64,100
2007-08-20,1338.8419999999999,5707.2,1032,6965,7383,55,64,64,94
2007-08-21,642.556,2824.0,0,38,3296,52,70,53,94
2007-08-22,1209.808,5142.6,3048,1836,7241,61,66,88,94
2007-08-23,1112.312,4795.6,2502,259,5342,61,66,88,100
2007-08-24,1656.214,7106.6,1891,3782,9944,59,72,69,94
2007-08-25,1150.88,5117.4,4149,2191,5678,55,77,54,100
2007-08-26,1314.906,5778.2,1541,3645,5658,57,77,54,100
2007-08-27,1211.73,5315.4,2305,1229,6344,57,72,46,94
2007-08-28,997.004,4314.4,1038,2468,5483,54,70,49,88
2007-08-29,747.992,3282.6,957,562,4932,54,68,37,77
2007-08-30,1202.458,5190.2,3822,2580,4221,50,70,46,82
2007-08-31,1279.8220000000001,5455.4,1200,666,8738,59,70,53,88
2007-09-01,1701.4859999999999,7294.2,2497,569,9733,59,70,64,94
2007-09-02,1662.4679999999998,7224.799999999999,3613,1617,8806,55,70,56,94
2007-09-03,1038.922,4508.2,621,2515,5323,55,64,52,94
2007-09-04,1584.944,6848.6,2928,3501,9821,50,64,42,82
2007-09-05,1236.572,5324.6,0,4144,6705,45,68,40,93
2007-09-06,901.474,3963.2,0,3888,3461,59,70,68,94
2007-09-07,1336.496,5770.4,3632,551,9388,61,70,56,88
2007-09-08,1469.752,6324.4,3339,1801,9164,55,73,50,94
2007-09-09,1679.502,7277.8,2184,4438,9233,57,68,52,94
2007-09-10,1117.376,4843.8,935,595,5613,48,70,53,94
2007-09-11,983.572,4251.0,943,550,5792,46,64,52,93
2007-09-12,1287.7640000000001,5558.4,0,3217,7755,48,68,49,94
2007-09-13,1146.382,4988.8,1175,2523,3853,50,72,46,87
2007-09-14,1135.47,4960.4,901,676,5804,46,73,47,100
2007-09-15,1095.312,4720.599999999999,0,1449,6464,57,72,53,88
2007-09-16,1652.224,7151.4,3118,3064,9310,50,79,36,100
2007-09-17,1461.186,6355.4,6651,926,6279,54,70,63,88
2007-09-18,1167.52,5058.4,1888,2029,5425,48,61,52,94
2007-09-19,1298.684,5592.0,0,2743,7937,39,63,48,100
2007-09-20,1255.5320000000002,5358.2,1056,489,9996,45,70,33,93
2007-09-21,1238.78,5375.0,3130,2745,6316,45,72,41,93
2007-09-22,1176.172,5061.8,944,1311,7688,46,70,56,94
2007-09-23,1417.97,6163.2,2831,1929,7382,52,72,53,100
2007-09-24,1354.53,5873.4,929,3935,7955,50,64,59,94
2007-09-25,1764.342,7497.2,916,2253,9820,46,63,52,94
2007-09-26,1822.264,7732.2,1058,9415,5661,45,61,63,100
2007-09-27,1392.6,5872.0,1066,643,7324,48,61,59,88
2007-09-28,1680.498,7191.6,996,3722,9952,54,57,82,94
2007-09-29,2296.522,9782.2,4085,7457,8190,52,63,72,94
2007-09-30,1516.29,6411.6,1405,582,10225,39,66,52,100
2007-10-01,1720.922,7306.2,1507,6622,5960,57,72,73,94
2007-10-02,2198.864,9322.6,508,8022,12815,61,70,78,100
2007-10-03,1280.454,5472.0,979,5024,3692,59,70,78,100
2007-10-04,1518.458,6414.6,2400,444,9710,52,63,77,100
2007-10-05,1394.092,5889.2,0,351,9425,52,64,72,94
2007-10-06,1756.24,7441.4,4840,347,9666,48,68,56,94
2007-10-07,2106.114,8939.4,2498,8255,10886,43,68,49,100
2007-10-08,1095.242,4652.8,0,420,5082,54,54,82,82
2007-10-09,1687.858,7174.6,2034,2147,9290,46,64,56,94
2007-10-10,1166.972,5023.6,1863,2117,3345,46,61,63,100
2007-10-11,1732.446,7357.0,2630,414,7806,50,61,72,100
2007-10-12,1914.504,8160.6,1020,5028,11659,43,63,68,100
2007-10-13,1926.728,8209.0,969,3799,8463,54,61,72,94
2007-10-14,2061.252,8753.4,2930,7494,7126,46,66,60,94
2007-10-15,1266.33,5359.6,1061,339,7654,46,59,72,100
2007-10-16,1964.442,8385.4,0,7871,9876,45,70,56,100
2007-10-17,1576.93,6677.2,1065,453,8968,46,61,76,94
2007-10-18,1518.53,6384.6,1162,317,9864,43,59,48,93
2007-10-19,2085.648,8788.6,1299,3124,11648,41,55,58,93
2007-10-20,1660.2459999999999,6933.2,2363,296,13225,39,54,41,93
2007-10-21,1941.94,8210.4,3712,4357,7313,32,54,41,93
2007-10-22,1652.896,6920.4,0,299,13027,39,54,44,87
2007-10-23,1954.6480000000001,8214.0,1067,5186,10680,34,52,54,87
2007-10-24,1865.636,7881.4,4459,364,9115,37,50,58,87
2007-10-25,1853.9180000000001,7795.599999999999,1478,2433,7385,45,50,71,82
2007-10-26,1437.568,6286.8,0,348,5766,48,50,71,87
2007-10-27,1785.6879999999999,7645.2,1374,4856,8949,41,50,71,93
2007-10-28,539.986,2254.0,0,300,1949,41,52,67,93
2007-10-29,545.428,2267.2,0,269,2749,46,46,81,81
2007-10-30,811.008,3386.0,0,1935,4256,41,55,67,93
2007-10-31,1283.21,5389.0,0,4700,8915,36,55,54,100
2007-11-01,496.216,2067.8,0,293,1991,39,39,93,93
2007-11-02,1443.602,6051.8,1346,2115,12245,52,55,77,82
2007-11-03,492.55,2065.4,0,282,1936,54,57,72,100
2007-11-04,1485.686,6313.0,0,4387,7068,48,57,58,94
2007-11-05,1500.592,6330.6,1265,397,6583,39,54,51,87
2007-11-06,2082.378,8855.8,1105,5515,10690,37,54,51,87
2007-11-07,1844.758,7892.8,5042,301,6374,36,52,76,93
2007-11-08,1501.06,6386.4,1715,314,6500,48,55,77,94
2007-11-09,2171.226,9168.8,0,4573,15375,34,48,43,87
2007-11-10,2611.6,11098.0,3697,304,13767,37,55,76,88
2007-11-11,1887.124,7978.4,3445,320,6024,46,55,72,88
2007-11-12,2156.146,9031.6,1018,4165,13281,32,50,54,93
2007-11-13,2214.398,9293.0,978,4933,11076,32,46,66,93
2007-11-14,2047.994,8554.6,1055,295,16345,36,46,53,87
2007-11-15,1491.988,6330.8,1606,571,7503,30,41,57,93
2007-11-16,2309.754,9674.0,1991,4660,13564,27,41,49,93
2007-11-17,2610.094,10942.4,2588,2199,14990,23,45,53,93
2007-11-18,2183.858,9140.6,5201,2097,7066,27,37,70,100
2007-11-19,1723.654,7209.0,1089,253,10750,36,48,87,93
2007-11-20,2095.856,8770.2,1015,3954,11026,45,54,77,94
2007-11-21,1751.836,7360.4,1139,549,9455,43,55,72,94
2007-11-22,1932.378,8145.0,2867,297,9001,39,55,77,100
2007-11-23,2522.618,10570.6,2168,6181,13685,39,48,70,93
2007-11-24,1899.054,7938.2,1573,4131,13451,34,46,57,93
2007-11-25,1395.598,5884.8,3556,279,5678,39,50,66,93
2007-11-26,1569.7160000000001,6626.0,1088,288,8926,37,50,57,93
2007-11-27,2801.012,11745.0,1063,11020,15111,32,50,54,100
2007-11-28,1644.94,6876.8,1182,769,7810,27,36,93,100
2007-11-29,1719.23,7221.6,2031,283,8818,30,48,87,100
2007-11-30,2331.728,9730.4,0,7941,13601,36,48,82,100
2007-12-01,3134.942,13235.8,9356,353,17847,46,52,62,93
2007-12-02,2946.188,12410.8,2090,6915,10636,46,54,76,94
2007-12-03,1762.06,7438.4,1141,299,10428,45,52,62,87
2007-12-04,2067.636,8705.0,1012,5828,8561,43,52,82,94
2007-12-05,2153.12,9141.4,3422,295,10919,50,55,77,94
2007-12-06,2487.934,10566.6,4751,318,11908,48,55,82,100
2007-12-07,1769.016,7427.4,459,3710,10263,43,55,67,94
2007-12-08,2213.404,9371.6,1133,2354,12283,39,52,81,100
2007-12-09,2274.584,9650.2,4176,2428,8728,46,50,66,93
2007-12-10,1758.7540000000001,7451.4,1102,278,8281,45,48,76,93
2007-12-11,2305.104,9665.6,1050,3817,12740,37,46,66,93
2007-12-12,1588.062,6611.2,1152,254,7759,30,45,76,100
2007-12-13,1847.7459999999999,7804.2,1103,1448,8911,0,43,76,100
2007-12-14,1974.808,8291.2,980,3849,12941,32,36,81,100
2007-12-15,2736.8759999999997,11491.2,1706,3687,14313,28,37,56,80
2007-12-16,2762.218,11508.8,3410,2281,12929,25,36,69,86
2007-12-17,1797.066,7467.6,1636,243,10567,27,32,69,93
2007-12-18,2623.194,10947.0,1123,5810,11093,25,34,70,86
2007-12-19,2196.052,9121.6,1233,2658,11679,23,34,70,93
2007-12-20,1949.758,8083.2,1859,276,13592,19,37,65,100
2007-12-21,1982.576,8227.8,1191,200,12251,23,41,56,93
2007-12-22,2611.264,10934.6,3819,4550,12673,21,48,50,100
2007-12-23,2409.048,10055.2,1971,3091,11962,30,30,86,86
2007-12-24,2257.848,9431.6,2985,2316,14350,23,43,61,100
2007-12-25,2694.968,11219.0,4588,3368,9084,30,39,70,93
2007-12-26,2580.28,10693.6,1109,2773,9480,34,39,87,100
2007-12-27,2532.198,10650.0,4122,1490,7960,37,45,93,100
2007-12-28,3113.052,13004.0,1980,8554,15823,41,45,87,100
2007-12-29,3298.956,13766.4,4836,2434,14906,41,48,81,93
2007-12-30,2558.916,10750.6,3595,3597,13485,36,48,81,100
2007-12-31,2216.542,9295.2,0,3457,14071,39,43,93,100
2008-01-01,2759.738,11489.2,2461,2739,12355,0,43,81,100
2008-01-02,1644.106,6869.4,0,3094,8987,30,36,75,100
2008-01-03,1510.108,6338.400000000001,1130,846,6671,28,39,80,100
2008-01-04,2291.852,9669.8,1241,5326,11752,39,50,71,93
2008-01-05,2183.248,9283.4,2113,286,14591,43,48,82,100
2008-01-06,1825.184,7761.8,1966,2445,7824,39,48,76,100
2008-01-07,1695.814,7078.0,1288,282,10294,45,54,62,100
2008-01-08,2043.55,8625.6,2197,3511,9793,39,45,81,100
2008-01-09,1788.44,7534.0,1162,284,8963,41,50,71,100
2008-01-10,1894.076,8056.2,1307,285,9992,37,52,82,100
2008-01-11,1705.818,7147.4,1261,290,7997,46,52,67,93
2008-01-12,2871.408,12274.4,5594,2621,11116,39,48,62,87
2008-01-13,2881.656,12158.6,6505,340,9362,41,48,66,93
2008-01-14,2024.932,8661.0,5918,339,9738,41,50,66,93
2008-01-15,2686.9120000000003,11363.4,782,6883,14512,46,48,82,87
2008-01-16,2135.852,9100.2,1162,3430,9391,41,48,76,93
2008-01-17,1572.282,6688.8,1007,350,8657,43,52,87,100
2008-01-18,2186.988,9262.4,1034,846,14983,45,55,82,100
2008-01-19,1980.306,8393.6,2521,6054,8015,52,59,72,94
2008-01-20,1740.368,7414.400000000001,1775,380,4940,52,55,67,82
2008-01-21,1858.998,7947.4,0,376,10447,48,52,67,88
2008-01-22,2325.018,9977.4,4670,7640,7552,34,54,57,94
2008-01-23,1882.308,7949.2,1116,387,13359,34,52,71,93
2008-01-24,1645.022,7038.6,1107,320,5935,43,50,71,87
2008-01-25,2239.8559999999998,9423.4,0,2421,11409,30,50,58,100
2008-01-26,2834.988,12048.0,4925,311,15606,28,48,62,100
2008-01-27,2381.766,10058.2,3725,3818,7367,25,52,38,100
2008-01-28,2308.196,9748.2,1142,280,12792,27,46,71,100
2008-01-29,2676.024,11292.8,1487,6199,11077,34,41,81,100
2008-01-30,1640.646,6950.0,0,261,7261,30,41,87,100
2008-01-31,1953.922,8342.4,1165,267,9437,28,43,76,100
2008-02-01,1534.652,6505.4,336,280,7241,37,46,87,100
2008-02-02,2936.034,12446.6,6247,2764,15188,28,45,57,93
2008-02-03,2084.568,8835.4,2319,4435,8452,28,48,57,100
2008-02-04,1628.138,6879.2,1161,252,9531,39,46,76,93
2008-02-05,2472.456,10383.2,1098,7803,13717,39,52,81,94
2008-02-06,1669.54,7104.4,2114,356,8428,37,55,51,93
2008-02-07,1518.31,6392.599999999999,0,295,8089,30,54,54,100
2008-02-08,1950.5639999999999,8276.0,940,1921,9563,34,54,44,93
2008-02-09,2102.276,8769.6,2050,2838,10293,32,55,41,87
2008-02-10,2184.714,9211.4,2562,2955,10128,30,54,44,86
2008-02-11,1692.016,7101.8,1018,297,8930,36,54,41,87
2008-02-12,1987.798,8419.800000000001,2009,1856,12138,32,54,44,93
2008-02-13,1900.498,8035.4,2530,3615,7568,34,52,54,93
2008-02-14,1604.622,6744.6,1300,291,9299,32,45,71,100
2008-02-15,2005.2079999999999,8325.0,1109,1723,13417,32,36,81,100
2008-02-16,2346.948,9927.2,1076,2360,11599,27,45,39,86
2008-02-17,1933.368,8142.4,3182,2257,6049,28,46,42,70
2008-02-18,1514.404,6301.8,0,251,10345,25,52,50,93
2008-02-19,2126.916,8956.4,1881,4711,11200,32,52,50,87
2008-02-20,2253.79,9516.0,3655,5516,7704,43,48,81,100
2008-02-21,1633.85,6895.400000000001,0,307,8523,41,50,76,93
2008-02-22,1732.564,7279.6,1167,1985,10101,45,55,67,100
2008-02-23,1833.97,7781.8,1684,2250,10040,39,55,67,100
2008-02-24,1263.008,5240.0,754,332,11447,34,63,55,100
2008-02-25,504.488,2096.0,0,321,1856,48,54,82,100
2008-02-26,507.12,2101.0,0,295,2013,45,52,81,100
2008-02-27,566.72,2353.2,0,326,2969,37,52,62,93
2008-02-28,509.184,2112.4,0,281,2028,45,55,87,100
2008-02-29,1333.348,5576.6,0,3773,8062,48,54,77,94
2008-03-01,1141.876,4719.8,0,1287,2724,48,57,48,88
2008-03-02,1162.2259999999999,4932.0,0,5244,2565,48,57,71,100
2008-03-03,1040.55,4287.6,0,2207,1755,41,52,40,94
2008-03-04,1668.99,7009.4,1249,2443,9415,37,45,57,87
2008-03-05,2037.2079999999999,8598.0,1145,9797,5529,32,45,53,87
2008-03-06,2503.208,10389.0,1082,372,6965,28,48,71,93
2008-03-07,1862.9560000000001,7836.0,1235,3471,9033,43,50,62,93
2008-03-08,2248.66,9487.2,6286,346,8435,34,52,54,93
2008-03-09,1560.458,6611.2,2607,333,4155,41,50,71,93
2008-03-10,1618.686,6786.0,2009,368,8660,39,50,71,93
2008-03-11,2200.042,9312.4,1271,3901,12936,43,57,66,100
2008-03-12,1774.232,7448.0,1120,2374,11042,43,55,44,94
2008-03-13,1675.514,7116.0,3263,3590,5464,43,54,62,93
2008-03-14,2210.22,9282.6,980,3881,14476,50,59,67,94
2008-03-15,1576.3,6697.0,2550,502,5910,45,63,59,100
2008-03-16,1801.96,7629.6,2394,566,11286,46,57,67,94
2008-03-17,1706.918,7210.0,236,6651,9346,41,48,57,100
2008-03-18,1917.566,8023.599999999999,1156,4019,12544,34,45,53,93
2008-03-19,1308.448,5508.8,2110,411,6154,36,48,54,87
2008-03-20,1253.2740000000001,5269.8,1107,478,6670,30,48,54,100
2008-03-21,2066.442,8695.0,2171,4778,13275,39,48,46,93
2008-03-22,2053.516,8669.2,3322,588,12405,36,48,66,93
2008-03-23,2325.9900000000002,9778.4,6279,2112,13878,30,45,43,93
2008-03-24,1974.668,8285.6,1131,5988,7008,34,43,65,93
2008-03-25,2015.856,8453.6,2246,3677,13494,32,46,53,93
2008-03-26,1633.472,6858.8,2547,3831,7547,39,50,71,93
2008-03-27,1370.822,5703.6,0,356,9022,36,52,54,100
2008-03-28,1885.424,7889.8,2325,3605,11581,32,50,76,94
2008-03-29,2471.15,10381.4,5153,375,17240,39,57,48,93
2008-03-30,2146.392,9039.6,5045,1315,9769,45,52,54,94
2008-03-31,1377.5700000000002,5768.599999999999,1091,411,9387,41,57,55,100
2008-04-01,2129.052,8931.6,1079,6657,14515,39,57,72,100
2008-04-02,1691.672,7211.0,1106,3674,7989,45,57,63,94
2008-04-03,1128.756,4724.4,0,422,6901,46,59,48,100
2008-04-04,1631.9180000000001,6806.0,2133,775,13246,37,61,42,93
2008-04-05,1970.762,8330.2,2929,874,13644,43,54,57,100
2008-04-06,1696.318,7122.8,1124,2615,7552,34,46,57,93
2008-04-07,1538.838,6457.2,2420,672,9466,32,48,50,100
2008-04-08,2657.516,11087.2,2752,10713,17519,30,48,50,100
2008-04-09,1218.8519999999999,5073.0,0,376,9003,41,46,61,81
2008-04-10,1477.746,6199.8,3261,457,6527,37,55,36,81
2008-04-11,1877.664,7851.8,1802,491,14522,41,57,36,76
2008-04-12,2800.014,11834.2,7076,2499,15225,39,57,51,93
2008-04-13,2232.986,9434.6,2554,5942,13007,45,54,67,93
2008-04-14,1589.582,6630.2,0,425,11197,43,52,57,100
2008-04-15,1670.406,7069.8,1174,3998,9874,37,54,41,93
2008-04-16,1489.064,6215.2,838,403,11322,30,55,33,93
2008-04-17,1395.862,5910.2,1719,417,8638,37,54,43,75
2008-04-18,1862.3899999999999,7859.0,2174,3832,10921,45,59,59,100
2008-04-19,2253.71,9556.0,4319,2457,14722,50,61,51,100
2008-04-20,1791.4180000000001,7575.2,1030,4544,10401,46,61,67,94
2008-04-21,1164.156,4902.0,0,2673,6788,52,59,63,100
2008-04-22,1627.676,6872.400000000001,971,5093,10603,45,66,56,100
2008-04-23,1357.328,5713.2,1380,492,8406,45,63,48,100
2008-04-24,1043.772,4403.6,1263,522,5296,39,64,39,100
2008-04-25,1267.734,5328.0,824,2004,9400,45,66,37,94
2008-04-26,903.166,3793.0,0,634,3586,43,70,37,93
2008-04-27,1008.24,4267.8,693,588,5488,48,77,36,87
2008-04-28,659.052,2809.0,0,621,2786,48,63,52,94
2008-04-29,1972.616,8309.8,1402,5411,10481,43,54,82,100
2008-04-30,1101.726,4634.8,1057,590,6653,46,57,58,93
2008-05-01,576.014,2451.4,0,530,2586,43,59,55,93
2008-05-02,1497.768,6304.0,3114,584,8687,45,66,45,100
2008-05-03,1289.6,5473.4,996,541,6535,50,73,41,87
2008-05-04,1470.97,6282.0,2196,2872,5464,54,75,41,82
2008-05-05,1366.932,5756.8,1008,378,10197,55,72,31,72
2008-05-06,1789.98,7554.2,1354,5410,12200,54,73,38,72
2008-05-07,1176.264,4978.8,1030,423,6649,50,77,36,94
2008-05-08,2116.698,8897.0,3667,702,12717,55,79,36,72
2008-05-09,1747.272,7396.0,2229,423,11904,55,75,33,88
2008-05-10,1909.128,8116.4,6950,612,11714,57,79,28,77
2008-05-11,1610.92,6918.0,563,1340,6930,57,77,32,63
2008-05-12,1524.204,6508.0,2082,1085,11959,54,77,36,77
2008-05-13,1476.894,6324.2,823,4089,8370,54,79,28,77
2008-05-14,1584.262,6787.2,2467,3436,9716,57,79,41,94
2008-05-15,1162.768,5071.8,868,570,6820,57,66,63,100
2008-05-16,1648.03,7078.2,2228,2565,8955,54,72,56,94
2008-05-17,1657.454,7130.2,2158,935,12472,52,66,56,100
2008-05-18,1803.958,7789.6,1775,5355,8626,48,63,72,100
2008-05-19,1030.262,4420.0,1014,558,7503,48,61,55,82
2008-05-20,1581.334,6742.4,1352,2431,11977,48,66,40,71
2008-05-21,1324.112,5640.0,1989,474,9251,46,68,37,82
2008-05-22,976.8679999999999,4256.6,996,440,6475,57,66,43,72
2008-05-23,1484.916,6276.4,0,1390,14734,52,72,43,82
2008-05-24,1580.176,6723.4,1027,569,12833,61,72,53,94
2008-05-25,2048.504,8836.6,4307,8811,6016,55,72,46,94
2008-05-26,1289.71,5658.8,985,666,9284,57,66,68,100
2008-05-27,1708.7,7354.6,0,5352,11478,54,64,88,100
2008-05-28,1114.372,4824.8,3138,512,6709,57,72,56,100
2008-05-29,1135.076,5005.0,1004,507,8703,55,70,64,100
2008-05-30,1397.2440000000001,6052.2,0,3019,11298,57,72,57,100
2008-05-31,1641.47,7089.2,1764,2328,11858,57,68,64,94
2008-06-01,1848.876,7809.4,1906,545,11307,55,72,57,100
2008-06-02,1074.012,4634.0,960,558,6341,61,70,68,94
2008-06-03,1597.816,6975.6,2897,2608,9265,55,64,73,94
2008-06-04,1588.912,6952.0,1550,7682,6508,54,66,56,94
2008-06-05,1120.078,4892.6,1747,506,8781,57,68,43,82
2008-06-06,1217.714,5287.8,1009,506,7871,55,64,55,82
2008-06-07,1882.484,7966.0,2379,2611,14593,50,66,55,94
2008-06-08,1542.3220000000001,6618.4,2536,3161,9732,50,70,52,94
2008-06-09,1325.698,5817.2,1967,2085,7921,59,81,34,94
2008-06-10,1067.09,4615.0,907,585,8992,61,81,36,88
2008-06-11,1123.2060000000001,4879.4,977,842,7566,57,73,50,78
2008-06-12,1259.332,5471.0,1951,567,7246,50,63,55,94
2008-06-13,1874.28,8067.0,2809,7358,10531,45,63,45,100
2008-06-14,1384.92,6059.2,1862,1011,10681,50,68,40,94
2008-06-15,2289.102,9754.0,6471,6802,11589,48,64,55,93
2008-06-16,1303.044,5622.8,1980,464,10012,54,66,49,94
2008-06-17,1145.084,4945.8,1080,432,10094,48,73,31,87
2008-06-18,1893.608,8224.4,7549,3040,12687,52,72,41,88
2008-06-19,1588.082,6822.6,3411,1514,10911,55,70,63,94
2008-06-20,1676.104,7211.8,2948,2935,12417,57,73,57,100
2008-06-21,1734.254,7393.2,940,5823,12828,57,82,48,100
2008-06-22,1566.416,6730.599999999999,4705,1175,10652,63,82,57,100
2008-06-23,1251.796,5460.4,2600,581,10124,55,73,38,77
2008-06-24,1754.452,7577.6,2779,3489,14271,59,84,50,82
2008-06-25,1261.77,5631.8,2773,569,9402,68,79,42,94
2008-06-26,1056.02,4624.0,921,572,8971,57,77,41,72
2008-06-27,1755.152,7540.8,4159,2372,10163,55,72,57,82
2008-06-28,1208.8,5307.8,0,2000,7932,63,79,51,82
2008-06-29,749.352,3356.8,955,535,3896,64,79,47,83
2008-06-30,804.196,3570.0,0,521,6819,57,79,32,82
2008-07-01,1215.24,5385.6,3465,587,8390,59,90,33,77
2008-07-02,1147.202,5140.2,962,650,7002,63,77,61,94
2008-07-03,1098.3600000000001,4814.2,958,2569,7410,55,73,38,94
2008-07-04,942.02,4072.8,0,589,8302,48,75,36,100
2008-07-05,1469.088,6316.6,1875,6754,8365,63,73,52,94
2008-07-06,1805.064,7717.599999999999,4258,5230,7536,54,73,36,82
2008-07-07,983.39,4274.8,2171,592,7149,55,68,56,94
2008-07-08,1126.214,4854.8,991,503,7592,55,68,56,94
2008-07-09,919.318,3996.4,951,499,7352,54,77,47,94
2008-07-10,1251.276,5390.6,982,552,8186,59,81,42,88
2008-07-11,1254.2160000000001,5446.4,724,558,9251,61,73,44,94
2008-07-12,1328.8519999999999,5832.599999999999,4436,2617,7231,55,68,43,94
2008-07-13,1253.754,5420.0,1671,3164,7056,55,68,40,77
2008-07-14,1137.926,4941.6,2564,1995,6436,57,57,67,67
2008-07-15,1155.86,4947.4,968,552,8585,52,82,37,94
2008-07-16,1077.062,4661.0,1537,2799,4978,59,72,52,94
2008-07-17,1319.122,5798.4,1122,723,8280,57,73,38,82
2008-07-18,1261.584,5381.2,1143,552,9260,59,72,49,73
2008-07-19,1344.0140000000001,5788.4,2941,3146,7676,63,75,50,83
2008-07-20,941.534,4084.4,1943,1076,5457,52,72,35,94
2008-07-21,1156.478,5014.2,1698,431,9189,50,70,35,88
2008-07-22,740.242,3272.6,0,430,4886,48,79,26,87
2008-07-23,942.63,4103.2,1233,454,6325,57,81,34,77
2008-07-24,1093.45,4639.0,837,476,8344,61,84,25,68
2008-07-25,865.534,3770.4,1168,492,6731,63,82,42,78
2008-07-26,815.684,3592.0,0,948,6243,61,77,57,100
2008-07-27,1147.396,5058.0,1063,858,8385,66,84,42,73
2008-07-28,825.804,3707.0,0,509,5963,66,88,35,94
2008-07-29,1166.558,5242.8,1571,530,5802,63,81,42,94
2008-07-30,1299.908,5853.8,2548,773,6278,59,88,37,94
2008-07-31,1392.638,6093.8,1533,2808,7588,66,93,32,88
2008-08-01,739.576,3352.2,586,1150,5091,61,75,41,88
2008-08-02,505.776,2286.6,0,504,3803,59,77,61,88
2008-08-03,504.782,2270.4,0,499,3926,63,77,61,94
2008-08-04,1125.92,4917.4,596,4677,4410,63,75,41,100
2008-08-05,827.1179999999999,3608.6,635,509,7118,61,82,42,82
2008-08-06,326.112,1570.2,0,513,2215,61,90,33,100
2008-08-07,334.884,1613.8,0,526,2357,64,77,54,100
2008-08-08,302.2,1448.0,0,481,1980,61,72,60,100
2008-08-09,358.924,1670.8,0,489,1902,54,77,44,94
2008-08-10,352.032,1616.4,0,464,1905,61,72,64,88
2008-08-11,371.916,1685.8,0,489,1880,55,73,46,94
2008-08-12,288.984,1373.0,0,462,1844,61,75,38,94
2008-08-13,282.584,1341.4,0,451,1789,59,72,41,82
2008-08-14,270.258,1274.4,0,441,1641,52,72,43,88
2008-08-15,273.654,1290.2,0,439,1691,57,73,36,94
2008-08-16,274.814,1295.2,0,442,1688,54,73,41,82
2008-08-17,274.796,1292.8,0,445,1710,61,72,43,82
2008-08-18,273.758,1287.8,0,440,1719,57,77,53,88
2008-08-19,274.692,1300.8,0,442,1697,59,73,50,88
2008-08-20,268.472,1272.0,0,437,1626,59,72,46,88
2008-08-21,261.298,1223.6,0,432,1577,55,75,53,88
2008-08-22,267.124,1255.8,0,438,1614,59,64,88,100
2008-08-23,254.642,1196.4,0,419,1485,52,70,43,100
2008-08-24,254.716,1190.0,0,404,1523,52,66,60,94
2008-08-25,250.298,1164.0,0,422,1436,55,73,50,100
2008-08-26,257.564,1205.6,0,420,1533,57,75,57,94
2008-08-27,258.114,1199.8,0,399,1539,54,73,57,100
2008-08-28,268.246,1260.0,0,432,1631,59,68,64,88
2008-08-29,267.588,1260.0,0,430,1599,63,72,60,82
2008-08-30,270.424,1276.2,0,435,1619,57,84,45,94
2008-08-31,1500.614,6404.0,2056,3733,12117,61,81,54,94
2008-09-01,1247.51,5374.8,950,521,10183,59,72,53,88
2008-09-02,1384.154,5963.8,4273,1206,6648,55,72,64,94
2008-09-03,1388.486,5930.8,1326,1902,10213,52,61,77,94
2008-09-04,1225.22,5262.8,2225,404,9408,50,66,59,94
2008-09-05,873.96,3752.0,379,431,6943,57,68,68,94
2008-09-06,1868.574,7955.2,2948,6500,13400,59,70,43,88
2008-09-07,1372.656,5876.4,3612,1707,5976,57,66,64,94
2008-09-08,1309.324,5548.8,747,2293,9559,54,70,43,100
2008-09-09,1159.654,4988.8,236,453,7728,52,81,42,88
2008-09-10,1300.7640000000001,5554.8,1009,399,10281,61,77,50,100
2008-09-11,1028.714,4435.6,1005,417,7644,59,81,57,100
2008-09-12,1392.762,5968.2,1867,402,8738,52,66,56,94
2008-09-13,1631.4360000000001,6941.0,930,5433,11807,46,64,56,100
2008-09-14,1576.326,6818.4,4673,445,6538,54,66,37,88
2008-09-15,1697.708,7303.4,960,364,10322,45,64,45,93
2008-09-16,1221.862,5211.8,0,368,8249,46,64,42,87
2008-09-17,1519.21,6465.2,1910,3727,9371,46,61,42,87
2008-09-18,1505.29,6404.2,4202,357,7991,45,61,51,82
2008-09-19,1518.846,6449.4,1569,351,12367,43,66,34,93
2008-09-20,1304.6,5480.0,0,370,12477,45,66,35,87
2008-09-21,1533.07,6566.8,4010,2381,8347,45,64,37,81
2008-09-22,1358.564,5778.2,1014,2448,10227,46,64,48,87
2008-09-23,1232.788,5305.2,0,2168,7920,46,63,55,93
2008-09-24,1718.35,7245.6,2019,4730,10548,52,64,52,100
2008-09-25,1131.22,4815.0,1012,751,8485,52,66,46,88
2008-09-26,1431.45,6105.0,1221,370,10890,46,66,35,87
2008-09-27,2127.446,9012.4,4347,2584,12688,46,68,28,81
2008-09-28,1731.104,7314.599999999999,1920,385,11242,45,68,37,87
2008-09-29,1501.738,6349.6,1014,363,10677,41,64,49,100
2008-09-30,1375.006,5795.6,998,360,7415,46,57,76,94
2008-10-01,1872.364,7894.2,2249,5800,10808,50,64,59,82
2008-10-02,1345.342,5686.0,0,367,9060,43,61,44,87
2008-10-03,1612.58,6833.8,4801,349,9432,43,52,71,93
2008-10-04,2100.496,8848.6,3462,629,12573,37,59,42,100
2008-10-05,1549.95,6529.2,990,3257,6071,50,61,62,88
2008-10-06,1423.782,6071.6,990,286,9562,57,64,64,88
2008-10-07,1726.568,7439.2,1016,419,9476,57,72,53,100
2008-10-08,1860.576,7821.0,1044,5126,11650,52,61,59,94
2008-10-09,1983.682,8369.8,1032,3064,11652,46,61,52,100
2008-10-10,1518.338,6389.0,0,389,12046,41,68,56,100
2008-10-11,1669.386,7064.6,2144,2335,11373,45,66,68,100
2008-10-12,1907.94,8085.8,2561,5822,7171,45,72,53,100
2008-10-13,1461.976,6126.2,1037,535,9483,54,77,50,100
2008-10-14,1609.056,6811.4,1177,442,9939,55,64,59,94
2008-10-15,2156.896,9112.6,1998,7042,9984,55,63,77,94
2008-10-16,1583.68,6712.2,951,429,8438,43,57,51,88
2008-10-17,1866.886,7885.2,2036,3187,9639,39,59,42,100
2008-10-18,2239.19,9427.8,799,1655,12146,36,61,42,100
2008-10-19,1971.934,8359.6,698,8010,4600,36,61,42,100
2008-10-20,1667.554,6998.8,844,2648,10475,41,68,52,100
2008-10-21,2063.716,8756.4,857,2663,11331,48,61,77,94
2008-10-22,1646.01,6965.2,662,2542,8487,41,57,51,100
2008-10-23,1830.494,7739.4,815,1435,10587,36,57,51,100
2008-10-24,2133.226,9024.4,7893,2277,10284,41,55,63,87
2008-10-25,1523.156,6363.0,737,394,13433,45,54,82,100
2008-10-26,539.944,2226.0,0,369,2013,41,59,67,100
2008-10-27,523.892,2173.2,0,402,1967,43,57,63,100
2008-10-28,1327.29,5548.6,2263,362,5090,37,52,58,93
2008-10-29,1612.576,6630.2,1037,345,4015,0,39,93,100
2008-10-30,1098.6,4713.6,0,345,2619,36,43,76,100
2008-10-31,1285.832,5423.6,0,312,10483,0,46,0,100
2008-11-01,830.498,3781.0,0,344,1939,0,52,0,100
2008-11-02,910.614,4124.2,0,346,2824,43,54,67,93
2008-11-03,847.6,3837.6,963,347,1892,45,63,59,100
2008-11-04,1562.316,6699.4,0,6214,4106,37,63,55,100
2008-11-05,3134.93,13304.4,7597,10409,8362,46,54,72,93
2008-11-06,1588.438,6806.4,1033,430,6734,46,50,93,100
2008-11-07,1619.184,6846.6,1032,389,10421,43,54,87,100
2008-11-08,1733.138,7350.8,1114,3271,6069,39,54,77,100
2008-11-09,2578.538,10974.2,6301,661,14348,50,54,72,94
2008-11-10,2091.88,8858.6,1023,355,10285,54,59,72,88
2008-11-11,2455.95,10344.0,2475,2288,14651,46,57,67,93
2008-11-12,2186.494,9129.4,1066,2712,9430,39,50,76,100
2008-11-13,1238.46,5223.2,0,338,6315,36,54,58,100
2008-11-14,1621.738,6848.0,2092,325,9929,41,50,87,100
2008-11-15,3031.628,12907.0,3952,3799,15635,50,52,94,100
2008-11-16,2365.432,9963.4,4791,1829,8945,52,54,82,94
2008-11-17,1523.636,6353.4,0,378,10590,41,52,58,94
2008-11-18,1749.05,7404.2,1079,369,11204,43,52,81,100
2008-11-19,1840.238,7794.6,1737,3026,8704,39,52,76,100
2008-11-20,1692.336,7177.6,1034,347,7732,46,54,87,94
2008-11-21,1673.93,7123.0,1039,348,10396,41,52,53,94
2008-11-22,1711.368,7271.4,1093,882,8320,34,45,46,93
2008-11-23,3405.324,14463.6,3631,8823,10272,25,45,70,100
2008-11-24,3212.998,13371.0,1063,510,13378,34,46,71,93
2008-11-25,2702.85,11266.4,3010,345,10471,28,45,71,93
2008-11-26,1515.954,6273.2,909,304,10002,34,45,81,100
2008-11-27,2362.218,9851.2,2491,330,12440,0,39,81,100
2008-11-28,1885.964,7789.8,1113,295,11361,32,37,87,100
2008-11-29,2434.668,10157.2,5268,2392,12386,34,43,76,100
2008-11-30,2401.388,10016.0,1161,3481,11474,32,43,87,100
2008-12-01,1616.538,6852.2,1085,309,9013,37,43,81,100
2008-12-02,1793.444,7509.8,0,304,11343,30,45,70,100
2008-12-03,1755.164,7300.2,1137,302,9664,30,46,81,100
2008-12-04,1738.638,7234.2,1085,281,11314,28,50,87,100
2008-12-05,2058.618,8593.4,831,310,9852,41,46,81,93
2008-12-06,2523.836,10596.0,4005,5749,9048,41,46,76,93
2008-12-07,2466.7400000000002,10306.6,3294,310,13627,34,41,93,100
2008-12-08,1868.636,7751.8,1117,296,13256,34,36,87,100
2008-12-09,2003.144,8291.0,1985,2553,12886,0,37,87,100
2008-12-10,2111.02,8726.2,1128,4144,10889,28,39,81,100
2008-12-11,1432.522,5935.599999999999,1160,273,7979,0,41,75,100
2008-12-12,1815.534,7519.2,1157,255,12154,28,32,87,100
2008-12-13,1825.574,7663.4,2186,261,9271,27,37,70,100
2008-12-14,2002.1200000000001,8469.4,3742,2497,5415,37,41,81,100
2008-12-15,1795.45,7475.0,1178,252,9668,34,37,87,100
2008-12-16,1797.09,7477.4,0,253,11334,0,34,93,100
2008-12-17,2098.786,8755.6,4251,284,10813,30,43,87,100
2008-12-18,1736.94,7184.6,1125,258,11293,32,46,93,100
2008-12-19,1882.1119999999999,7891.4,1538,296,11773,39,48,71,93
2008-12-20,2242.502,9353.2,1132,6479,12819,41,50,82,94
2008-12-21,2643.61,11034.2,1099,9189,14816,48,50,82,93
2008-12-22,2015.808,8434.2,2157,391,10433,46,50,82,93
2008-12-23,1798.088,7561.0,2666,2115,8326,39,50,76,100
2008-12-24,1269.638,5232.4,0,364,9981,32,45,76,100
2008-12-25,1061.118,4375.6,0,285,3598,39,45,70,87
2008-12-26,1223.732,5041.0,1121,279,7796,32,39,49,87
2008-12-27,2972.1639999999998,12141.8,0,244,12209,28,36,64,80
2008-12-28,1570.642,6364.8,1953,217,5291,25,34,60,86
2008-12-29,555.278,2273.6,0,218,2480,25,36,65,86
2008-12-30,1195.238,4898.6,0,245,7145,28,34,75,93
2008-12-31,1964.1879999999999,8190.2,2975,246,11860,32,37,81,93
2009-01-01,1406.692,5975.8,765,3845,2803,28,36,87,100
2009-01-02,2327.51,9702.4,2417,6018,11841,27,36,75,100
2009-01-03,1913.496,7964.4,6440,328,10439,25,36,65,93
2009-01-04,1939.9940000000001,8111.8,1457,5251,3245,19,32,64,100
2009-01-05,1604.0,6676.2,1247,322,8650,28,32,74,100
2009-01-06,1689.862,6961.0,0,254,12462,16,30,73,93
2009-01-07,2080.272,8563.4,2687,3820,9979,10,32,43,93
2009-01-08,1633.27,6797.8,2773,299,10075,25,34,65,100
2009-01-09,1788.702,7462.2,1802,272,9285,18,30,64,86
2009-01-10,2102.948,8768.0,2828,4288,12539,14,34,60,100
2009-01-11,1975.988,8301.2,4521,5301,5887,16,37,60,100
2009-01-12,1589.278,6500.0,0,261,12147,27,41,75,93
2009-01-13,2182.6,9006.2,1140,329,16194,37,43,66,93
2009-01-14,1776.282,7339.2,2277,332,10301,37,39,87,100
2009-01-15,1564.068,6509.6,2731,390,9561,30,43,66,93
2009-01-16,2766.554,11578.4,5811,3158,15220,30,43,81,100
2009-01-17,3317.82,13793.6,2477,3154,15322,41,46,87,100
2009-01-18,3154.194,13201.4,5649,6701,12727,39,46,66,93
2009-01-19,1699.866,7091.2,1118,376,10279,41,54,62,100
2009-01-20,1738.028,7170.8,0,282,13727,34,43,75,100
2009-01-21,1739.434,7189.8,1148,2159,9830,34,37,87,100
2009-01-22,1237.356,5169.6,0,341,8246,36,46,87,100
2009-01-23,1910.536,7964.4,2078,295,12146,37,54,70,100
2009-01-24,2200.77,9203.2,5096,4492,8322,34,45,66,93
2009-01-25,2843.664,11738.0,3971,5960,11213,34,45,66,100
2009-01-26,1674.472,6961.6,1121,348,9821,37,41,87,100
2009-01-27,1425.03,6001.8,896,278,6608,34,43,81,100
2009-01-28,2721.734,11276.6,2301,6949,14285,30,39,70,100
2009-01-29,1573.698,6527.0,0,294,8996,0,39,70,100
2009-01-30,2059.038,8521.8,1622,280,12147,27,39,70,100
2009-01-31,3312.852,13871.8,8278,6575,15309,30,39,65,87
2009-02-01,1807.46,7564.799999999999,3330,622,7494,25,36,56,86
2009-02-02,1603.3,6596.8,1159,232,10915,28,41,69,100
2009-02-03,1868.39,7695.2,703,878,14984,25,37,60,100
2009-02-04,2460.924,10139.6,871,6961,15960,19,37,87,100
2009-02-05,1649.088,6858.0,1104,264,12987,37,50,71,100
2009-02-06,2048.3959999999997,8527.2,1165,273,11716,36,52,62,100
2009-02-07,3131.536,13076.6,6822,4483,17873,32,39,75,100
2009-02-08,2182.866,9114.6,5341,259,15174,28,45,61,100
2009-02-09,1706.638,7150.4,1063,228,9375,34,52,88,100
2009-02-10,1943.8220000000001,8041.2,1128,263,12339,36,52,71,93
2009-02-11,2639.39,11133.0,2985,10477,12195,28,45,66,100
2009-02-12,1968.66,8183.0,1109,299,17724,34,41,61,87
2009-02-13,1690.022,7044.2,1100,254,11554,32,37,87,100
2009-02-14,2332.594,9677.0,2280,3256,18509,30,39,60,100
2009-02-15,1586.032,6482.0,2465,226,5234,25,43,46,100
2009-02-16,1318.994,5512.599999999999,0,261,7037,37,48,70,93
2009-02-17,781.698,3255.2,0,266,3925,41,50,71,100
2009-02-18,826.45,3392.4,0,297,5471,36,46,70,100
2009-02-19,737.268,3040.6,1046,262,1796,25,46,37,100
2009-02-20,1880.736,7970.4,2897,293,8768,41,50,66,87
2009-02-21,1316.184,5481.6,2111,262,3983,39,48,66,93
2009-02-22,2238.478,9410.0,3816,8576,7133,37,48,76,93
2009-02-23,2733.656,11337.2,1212,3744,12471,43,46,76,100
2009-02-24,1783.144,7441.4,0,1602,14512,41,45,66,100
2009-02-25,1169.844,4914.0,1092,274,7359,30,52,47,100
2009-02-26,1156.852,4842.8,0,268,6841,32,48,71,100
2009-02-27,2028.9180000000001,8501.0,1154,246,14831,34,46,81,100
2009-02-28,1630.75,6961.4,1145,5358,8006,34,57,63,100
2009-03-01,2467.626,10392.0,11178,2740,8834,39,55,63,100
2009-03-02,1477.442,6337.6,1560,310,6684,36,54,41,100
2009-03-03,1848.952,7699.8,1159,268,13024,32,54,50,100
2009-03-04,1842.1299999999999,7772.0,2214,2570,8393,34,45,61,100
2009-03-05,1441.8120000000001,6124.8,0,271,9094,30,43,70,100
2009-03-06,1783.474,7579.6,1144,265,12056,34,50,40,87
2009-03-07,1696.466,7107.8,1055,811,12113,30,52,67,100
2009-03-08,2357.166,9909.800000000001,7253,5260,12691,41,50,54,100
2009-03-09,1685.556,7062.400000000001,2001,369,10336,37,50,50,87
2009-03-10,1836.21,7690.6,0,281,11610,41,54,58,100
2009-03-11,2405.904,10119.8,3476,7288,10737,34,54,44,100
2009-03-12,1887.26,7859.4,0,364,13655,41,55,70,100
2009-03-13,1445.52,6006.8,1082,311,10466,43,55,54,87
2009-03-14,2149.0280000000002,8908.0,2196,280,18036,39,55,54,93
2009-03-15,1942.0620000000001,8202.6,3478,5152,8353,37,57,48,93
2009-03-16,1334.732,5537.4,0,306,9273,39,59,51,93
2009-03-17,1931.91,8135.0,1110,3952,12320,37,61,45,100
2009-03-18,1450.68,6020.8,1123,375,12101,43,63,30,81
2009-03-19,1191.532,4931.8,0,314,9458,39,61,20,66
2009-03-20,1463.906,6073.599999999999,1083,308,10618,37,54,30,70
2009-03-21,1930.022,8167.4,5420,682,10266,28,54,24,70
2009-03-22,1689.17,7128.8,2017,3778,9015,32,50,60,87
2009-03-23,1296.45,5456.8,1078,310,5999,36,59,39,93
2009-03-24,1661.712,7047.8,1710,352,10149,37,50,43,87
2009-03-25,1838.7740000000001,7708.4,2780,3315,10287,37,54,54,93
2009-03-26,1211.004,5042.4,0,312,8596,43,50,71,87
2009-03-27,1713.926,7221.8,1103,526,9947,43,52,54,93
2009-03-28,2260.976,9508.8,4527,327,12225,39,52,58,93
2009-03-29,2216.65,9242.4,1611,4024,9502,36,50,47,93
2009-03-30,1477.452,6198.8,1085,295,9901,36,54,35,81
2009-03-31,1823.482,7645.0,2202,2711,12958,37,57,33,75
2009-04-01,1641.14,6923.4,2807,2364,7309,41,63,31,76
2009-04-02,1644.334,6856.4,1128,324,13500,45,64,49,76
2009-04-03,1363.26,5735.400000000001,0,326,8556,45,64,56,93
2009-04-04,2191.232,9211.0,2699,4172,16251,45,57,55,87
2009-04-05,1375.716,5921.4,3832,357,6503,46,61,48,93
2009-04-06,1452.634,6084.8,799,333,10141,50,50,82,82
2009-04-07,1440.092,6093.0,1103,338,9121,50,59,42,100
2009-04-08,1534.6,6520.2,2131,2827,7968,45,55,66,94
2009-04-09,1890.472,7869.0,2682,366,13482,54,70,35,94
2009-04-10,1842.114,7674.0,2057,2822,13828,54,68,46,77
2009-04-11,2462.446,10332.4,3661,4286,18233,50,68,40,87
2009-04-12,2141.012,9119.2,7498,1504,12470,52,66,59,100
2009-04-13,1598.624,6813.0,1006,5648,6209,48,68,52,100
2009-04-14,1501.538,6386.4,888,2341,9478,48,68,49,100
2009-04-15,1216.0620000000001,5199.8,1880,463,5278,54,70,35,94
2009-04-16,1564.5240000000001,6658.8,2896,397,9809,48,57,59,94
2009-04-17,2042.81,8592.4,0,5224,7655,45,61,48,93
2009-04-18,1512.266,6376.4,1028,2613,10699,45,54,71,100
2009-04-19,1286.468,5397.8,2201,376,8088,50,63,48,100
2009-04-20,1486.51,6240.0,0,2644,10476,48,68,46,87
2009-04-21,1894.598,7970.8,1925,375,7380,48,68,46,93
2009-04-22,1496.1979999999999,6296.8,1024,1203,13265,45,66,40,93
2009-04-23,1141.46,4899.2,1068,395,5511,43,64,24,87
2009-04-24,1194.048,5083.0,0,383,9677,43,64,32,81
2009-04-25,2022.284,8548.0,2007,3901,13225,46,55,58,88
2009-04-26,1781.626,7548.6,3053,3017,10561,48,59,59,94
2009-04-27,1351.628,5766.0,995,376,7021,46,59,55,94
2009-04-28,1706.386,7285.0,2068,371,11469,39,55,58,100
2009-04-29,1664.68,6996.2,1043,2492,9372,45,57,58,100
2009-04-30,1834.762,7666.4,1027,363,15305,39,64,42,100
2009-05-01,1512.802,6370.8,1067,1052,11709,41,68,37,100
2009-05-02,1393.91,5871.6,1430,374,9760,43,64,63,93
2009-05-03,1608.878,6857.2,3207,2593,7226,46,59,59,94
2009-05-04,1667.882,6971.6,1007,411,11374,41,61,34,93
2009-05-05,1731.474,7282.4,1049,5539,10166,45,63,62,87
2009-05-06,1349.902,5716.4,1038,1797,9058,48,61,63,88
2009-05-07,1012.648,4280.8,0,374,7992,45,75,47,100
2009-05-08,1857.156,7801.6,2226,848,15426,54,66,49,94
2009-05-09,1261.352,5420.8,2090,382,6605,50,61,58,94
2009-05-10,1966.5520000000001,8409.4,4300,6670,8692,50,68,64,100
2009-05-11,1517.176,6380.6,1035,457,11009,57,61,82,100
2009-05-12,1625.956,6867.2,0,2713,11335,54,68,64,100
2009-05-13,1246.398,5338.6,1419,553,7127,57,72,60,94
2009-05-14,1606.984,6920.2,0,4065,11499,55,64,77,100
2009-05-15,1422.2259999999999,6023.2,1382,494,12195,46,59,55,100
2009-05-16,2007.378,8475.0,1705,4820,12265,48,61,72,88
2009-05-17,1543.764,6631.8,2555,1926,7168,50,61,67,94
2009-05-18,1209.906,5066.2,763,374,8971,46,66,49,94
2009-05-19,1617.344,6770.2,3253,792,10981,45,68,49,94
2009-05-20,1307.162,5528.8,1061,1889,9470,45,73,46,100
2009-05-21,1575.15,6636.2,1553,1278,12563,54,73,53,100
2009-05-22,1074.806,4609.4,982,1207,8078,46,70,31,87
2009-05-23,1530.598,6472.0,480,1844,12579,50,72,46,82
2009-05-24,1287.786,5429.6,45,446,10256,55,84,45,94
2009-05-25,1354.096,5762.6,920,966,9930,63,84,55,94
2009-05-26,1337.674,5812.2,1191,860,10100,52,70,51,94
2009-05-27,1544.292,6729.8,1052,2355,11076,43,61,52,93
2009-05-28,1179.736,5058.6,1502,421,9049,55,64,73,94
2009-05-29,1242.846,5232.2,1005,434,10112,54,72,28,100
2009-05-30,1659.106,7060.4,2787,1707,11557,52,73,33,67
2009-05-31,956.89,4156.8,1466,458,5720,55,73,43,72
2009-06-01,1443.26,6208.2,2789,461,11361,55,77,41,88
2009-06-02,1090.638,4849.6,0,506,7892,59,75,31,82
2009-06-03,1356.578,5870.4,940,1370,11577,54,73,40,88
2009-06-04,1035.66,4440.2,1906,455,6905,52,66,40,76
2009-06-05,1230.36,5256.0,0,456,12515,46,64,42,81
2009-06-06,1475.45,6356.6,1769,2732,10611,48,57,59,94
2009-06-07,1207.392,5225.6,2077,1641,6034,54,61,52,100
2009-06-08,1178.776,5100.6,1024,432,8551,46,59,63,100
2009-06-09,1332.85,5699.2,1000,414,10695,50,64,68,100
2009-06-10,1602.996,6816.8,1032,4745,9889,52,64,82,94
2009-06-11,1300.65,5548.8,0,472,10610,52,68,46,88
2009-06-12,1101.732,4703.0,1009,460,7137,50,72,50,94
2009-06-13,14.218,60.2,0,5,79,54,77,44,94
2009-06-14,0.0,0.0,0,0,0,61,82,45,82
2009-06-15,771.908,3332.6,916,348,5662,61,68,77,94
2009-06-16,1508.792,6458.2,2983,1221,13691,52,72,41,100
2009-06-17,988.016,4260.8,975,611,7193,50,77,39,100
2009-06-18,1165.7,4906.8,0,461,11223,55,70,68,88
2009-06-19,1086.866,4620.2,969,475,7737,55,68,40,88
2009-06-20,1107.1,4679.2,0,2657,9159,48,63,52,94
2009-06-21,855.142,3646.4,1039,412,6002,46,70,46,94
2009-06-22,1094.098,4634.0,0,449,11148,55,68,37,88
2009-06-23,1039.214,4428.2,1010,1261,8186,48,72,38,87
2009-06-24,1534.874,6503.2,3059,1239,14275,57,77,36,77
2009-06-25,771.362,3332.0,0,495,6224,63,79,51,77
2009-06-26,1277.322,5531.0,1826,538,9952,64,77,57,94
2009-06-27,1709.052,7240.6,2663,2432,13468,55,81,39,100
2009-06-28,1059.394,4621.0,0,1421,6742,59,81,45,88
2009-06-29,1010.134,4358.0,1794,598,6462,61,86,31,94
2009-06-30,1192.446,5244.8,582,1034,8989,63,86,35,82
2009-07-01,1218.3419999999999,5251.6,989,590,9747,64,86,35,88
2009-07-02,1242.578,5349.6,637,603,8032,64,90,31,83
2009-07-03,864.148,3794.6,856,642,7371,64,81,32,88
2009-07-04,1238.568,5535.6,2084,2329,6791,63,82,35,82
2009-07-05,1410.736,6206.8,3215,1438,8014,66,81,39,83
2009-07-06,954.26,4178.6,429,755,7142,59,73,47,88
2009-07-07,1110.136,4901.400000000001,1292,3619,5704,57,72,43,94
2009-07-08,1234.4,5315.0,0,3514,9308,57,68,64,94
2009-07-09,846.252,3761.0,0,656,4783,54,70,46,94
2009-07-10,1187.118,5055.4,988,2624,7492,50,68,43,88
2009-07-11,993.968,4346.2,981,683,7756,57,72,53,77
2009-07-12,513.478,2305.4,0,589,4060,63,81,42,94
2009-07-13,496.74600000000004,2250.0,0,594,3881,59,77,47,94
2009-07-14,911.43,4054.0,2303,618,6155,59,79,34,94
2009-07-15,718.074,3121.2,878,932,5820,57,79,34,82
2009-07-16,599.554,2701.6,0,1724,3902,57,88,27,88
2009-07-17,731.808,3161.2,0,626,6670,57,68,52,94
2009-07-18,966.41,4154.2,0,663,5389,55,72,41,94
2009-07-19,1203.644,5077.2,0,598,5058,57,72,46,94
2009-07-20,662.486,2949.0,914,784,4948,55,77,36,88
2009-07-21,813.7620000000001,3600.8,0,981,7795,63,88,35,82
2009-07-22,739.532,3258.0,0,681,3965,64,82,45,94
2009-07-23,1030.0,4396.0,926,622,9064,61,73,68,94
2009-07-24,561.738,2529.4,0,630,4128,59,72,46,94
2009-07-25,536.688,2422.4,0,577,3716,54,73,41,94
2009-07-26,543.016,2473.0,0,1019,3799,54,81,30,94
2009-07-27,688.566,3142.2,0,2062,5202,57,72,56,94
2009-07-28,902.85,3986.0,0,4899,4353,54,77,29,94
2009-07-29,902.0,3904.4,869,749,7549,54,81,32,94
2009-07-30,792.326,3471.4,0,2304,4040,55,75,29,88
2009-07-31,975.83,4323.2,865,3423,6302,57,77,25,72
2009-08-01,706.966,3178.6,0,844,6248,61,81,30,72
2009-08-02,489.724,2258.6,0,637,3539,59,70,49,100
2009-08-03,500.298,2254.4,0,605,3811,57,75,36,77
2009-08-04,508.892,2317.6,0,607,3871,54,81,34,94
2009-08-05,518.652,2368.0,0,620,4042,61,86,25,72
2009-08-06,532.672,2415.4,0,659,4193,59,90,24,82
2009-08-07,539.296,2442.0,0,668,4232,66,75,57,83
2009-08-08,526.472,2390.0,0,646,4093,63,75,57,83
2009-08-09,998.234,4402.4,1984,2380,5154,63,81,34,82
2009-08-10,1069.358,4719.0,0,3719,6012,63,82,32,72
2009-08-11,950.954,4246.2,857,1467,6577,64,77,47,88
2009-08-12,824.436,3678.2,912,689,4991,55,86,35,100
2009-08-13,606.842,2625.4,1215,3702,1709,64,77,50,88
2009-08-14,748.6759999999999,3287.8,429,850,4647,61,81,32,88
2009-08-15,1514.062,6632.4,3437,1852,8922,57,91,24,77
2009-08-16,1217.712,5464.0,1604,1094,5691,61,90,31,94
2009-08-17,785.908,3480.6,1,813,6261,61,81,34,88
2009-08-18,1080.598,4691.8,2306,1440,6324,54,84,28,88
2009-08-19,880.742,3925.4,896,812,6044,59,97,25,88
2009-08-20,775.722,3489.6,0,883,6138,70,90,27,78
2009-08-21,1161.746,5044.8,3043,887,7527,61,79,26,72
2009-08-22,1548.738,6855.4,4544,3203,8549,59,79,26,67
2009-08-23,1066.708,4795.8,949,819,6994,57,84,22,67
2009-08-24,1252.254,5431.4,2279,737,8247,57,84,33,100
2009-08-25,943.61,4160.4,1140,755,6291,61,73,38,100
2009-08-26,1136.546,4943.2,2131,1516,7860,55,79,34,88
2009-08-27,749.466,3337.4,0,664,4283,59,79,44,88
2009-08-28,1118.8419999999999,4856.0,1778,1125,7485,61,73,31,82
2009-08-29,1388.414,6024.2,905,1483,11707,50,75,29,94
2009-08-30,1668.3419999999999,7171.599999999999,2653,1363,10648,46,75,31,100
2009-08-31,1265.522,5504.2,960,678,9974,54,86,20,82
2009-09-01,980.5360000000001,4311.4,0,697,6073,63,72,43,94
2009-09-02,1222.814,5239.0,947,659,9921,54,70,53,88
2009-09-03,1251.188,5417.4,3319,3099,5011,55,68,46,94
2009-09-04,1024.388,4401.0,0,636,8095,55,64,52,100
2009-09-05,1513.866,6524.4,2988,2248,10433,50,66,52,94
2009-09-06,1228.63,5277.8,995,588,9031,46,72,46,100
2009-09-07,1221.458,5241.0,2196,577,8299,50,79,39,100
2009-09-08,1086.254,4643.0,1002,577,8533,54,84,33,100
2009-09-09,1521.344,6467.4,964,3832,10671,55,75,53,94
2009-09-10,1112.354,4765.2,928,600,6508,59,72,49,88
2009-09-11,1214.146,5134.4,0,631,11693,55,70,46,82
2009-09-12,2064.358,8845.2,9583,1202,12601,54,70,43,88
2009-09-13,1570.302,6746.2,4146,612,10170,54,66,56,94
2009-09-14,1574.858,6706.799999999999,2843,603,9091,54,66,52,94
2009-09-15,1456.806,6170.400000000001,1769,560,8644,54,64,56,94
2009-09-16,1743.162,7415.6,1035,3470,13384,54,68,64,94
2009-09-17,1223.426,5199.6,0,563,9710,57,64,68,88
2009-09-18,1374.032,5815.6,1993,652,9151,59,75,53,88
2009-09-19,2135.71,9013.6,1607,4050,14845,59,75,47,94
2009-09-20,2035.328,8674.6,4532,2466,11935,57,73,57,94
2009-09-21,1417.868,6049.8,921,604,10844,57,72,57,94
2009-09-22,1246.536,5326.8,937,597,8502,52,75,41,100
2009-09-23,1636.61,6947.6,2085,978,12884,48,72,43,100
2009-09-24,1426.258,6098.4,1051,621,10374,52,68,68,100
2009-09-25,1161.016,5016.4,0,594,9694,50,70,38,87
2009-09-26,1556.254,6602.8,1943,571,14581,48,70,40,93
2009-09-27,1410.472,6048.8,1817,4571,8554,50,73,38,87
2009-09-28,1299.456,5465.4,0,603,10797,48,72,41,94
2009-09-29,1146.398,4887.2,1031,603,7322,52,72,46,100
2009-09-30,1772.736,7524.4,970,8080,9196,52,70,56,94
2009-10-01,1287.252,5452.8,950,602,9433,50,68,46,94
2009-10-02,1152.6680000000001,4876.0,0,570,10142,43,64,49,100
2009-10-03,1716.74,7272.6,3644,920,14480,41,64,45,93
2009-10-04,1621.106,6933.8,3189,3499,8980,55,64,52,72
2009-10-05,1275.522,5326.0,984,542,7983,54,68,63,100
2009-10-06,1428.448,6006.2,1,543,8806,59,73,69,100
2009-10-07,1821.834,7688.2,734,4334,9908,59,77,54,100
2009-10-08,1577.166,6600.8,2091,619,11568,61,72,64,100
2009-10-09,1351.862,5693.2,0,559,10718,55,64,83,94
2009-10-10,2012.756,8535.2,4510,570,14811,54,68,52,100
2009-10-11,1938.284,8269.8,4111,6454,8648,48,63,63,100
2009-10-12,1351.604,5714.8,997,515,9420,50,61,59,94
2009-10-13,1449.1,6119.6,983,530,9530,43,59,55,100
2009-10-14,1711.224,7206.6,2001,3131,10013,43,54,35,87
2009-10-15,1489.9759999999999,6227.0,1629,463,9641,34,52,47,87
2009-10-16,1516.86,6357.8,0,482,11136,36,57,55,100
2009-10-17,2742.08,11585.6,5490,4364,18326,45,55,58,87
2009-10-18,1556.164,6480.8,712,499,11144,37,54,50,100
2009-10-19,1369.108,5692.4,1104,457,8227,32,52,41,100
2009-10-20,1722.808,7164.0,760,450,11005,36,61,55,93
2009-10-21,1969.506,8227.2,2031,5916,8569,52,59,59,94
2009-10-22,1399.71,5821.0,0,492,11074,50,59,63,100
2009-10-23,1757.45,7408.6,3180,495,11696,50,57,77,100
2009-10-24,2614.408,11028.2,6202,518,15941,52,64,82,100
2009-10-25,2430.582,10283.8,3010,6193,13782,48,61,63,100
2009-10-26,1112.344,4664.4,475,468,5788,43,63,55,100
2009-10-27,1116.756,4708.8,579,449,8367,37,63,55,100
2009-10-28,1268.708,5312.8,1044,463,9318,41,63,59,100
2009-10-29,1981.44,8428.8,765,4125,5677,45,61,68,100
2009-10-30,1493.358,6267.0,1779,2005,8828,45,50,87,100
2009-10-31,1875.942,7851.8,1773,2514,14637,41,61,72,100
2009-11-01,1843.168,7759.2,1970,470,12215,54,64,83,100
2009-11-02,1504.226,6337.0,1881,471,7490,43,52,71,100
2009-11-03,2266.688,9549.8,2009,3951,9025,43,55,87,100
2009-11-04,1801.8,7532.4,1075,4008,12246,45,54,67,94
2009-11-05,1560.4660000000001,6535.6,1105,532,9868,45,55,67,93
2009-11-06,1390.45,5804.6,0,442,11326,41,54,72,100
2009-11-07,1557.176,6495.0,2187,408,10014,39,52,71,93
2009-11-08,2508.002,10429.6,4941,2075,14871,41,48,81,100
2009-11-09,1404.752,5891.2,1125,430,7621,39,50,71,93
2009-11-10,1606.184,6693.4,1118,432,11788,36,48,76,100
2009-11-11,2040.48,8603.6,2338,5105,11214,39,50,66,100
2009-11-12,1463.066,6124.8,1486,429,9403,43,57,77,100
2009-11-13,1532.926,6417.2,1856,407,9178,54,64,64,94
2009-11-14,2560.456,10733.0,4169,2411,18868,52,61,63,88
2009-11-15,1967.308,8321.0,991,5278,9446,50,57,72,88
2009-11-16,1514.468,6340.599999999999,2021,545,9354,50,59,82,100
2009-11-17,1708.294,7075.4,0,453,11616,48,55,88,100
2009-11-18,2639.174,11067.6,6012,7655,13787,48,55,72,94
2009-11-19,1474.848,6121.6,0,481,10936,43,55,77,100
2009-11-20,1961.016,8196.8,843,407,12816,46,61,72,93
2009-11-21,2496.856,10484.8,5694,1997,12553,52,61,63,94
2009-11-22,2450.976,10358.2,6774,411,16097,46,61,67,94
2009-11-23,1471.122,6100.8,0,402,8230,46,55,77,94
2009-11-24,2128.856,8899.0,2491,4579,9086,54,59,67,94
2009-11-25,1980.13,8309.2,745,5083,10596,46,54,71,94
2009-11-26,1599.626,6640.2,2262,407,10069,45,54,72,93
2009-11-27,1380.026,5704.0,0,396,11599,45,52,66,93
2009-11-28,1858.95,7784.8,3199,386,14350,45,52,67,94
2009-11-29,1650.962,6878.4,1073,3061,7828,43,52,58,87
2009-11-30,1745.19,7232.2,1080,361,12039,41,45,87,93
2009-12-01,1756.378,7312.8,0,354,10821,41,48,71,93
2009-12-02,2345.668,9820.4,1143,7052,12851,39,50,76,100
2009-12-03,1479.6879999999999,6182.400000000001,1039,402,9906,37,50,76,94
2009-12-04,1711.294,7178.6,1158,352,9134,34,48,62,100
2009-12-05,2351.762,9968.4,3822,351,13324,41,55,82,100
2009-12-06,2378.288,10056.0,2850,4175,12420,43,55,77,94
2009-12-07,1742.638,7294.8,1132,358,10291,39,50,87,100
2009-12-08,2006.884,8338.0,1108,350,15376,39,46,76,100
2009-12-09,1802.356,7559.8,2054,3355,7971,46,55,93,100
2009-12-10,2054.286,8583.4,2823,349,15399,37,55,67,94
2009-12-11,1784.462,7388.4,1546,385,11251,34,48,71,100
2009-12-12,1816.38,7576.2,1087,4120,8198,37,43,76,93
2009-12-13,2138.814,8877.4,3984,417,13178,32,37,70,93
2009-12-14,1794.862,7376.0,1090,2280,10742,28,34,60,86
2009-12-15,1940.116,7941.0,1111,392,14084,25,32,55,86
2009-12-16,1394.874,5750.400000000001,1143,2943,8104,21,34,52,93
2009-12-17,1717.182,6971.4,0,308,14395,0,34,80,100
2009-12-18,1744.706,7154.4,1195,304,11466,0,34,64,100
2009-12-19,2204.334,8989.8,1165,2662,13681,19,30,55,93
2009-12-20,1144.166,4672.0,1237,313,7795,25,36,74,100
2009-12-21,2034.966,8320.8,3293,282,11473,0,36,87,100
2009-12-22,1888.022,7726.6,0,285,15829,34,37,93,100
2009-12-23,1455.2,5934.8,1143,284,11205,32,41,87,100
2009-12-24,2905.8940000000002,11942.8,5184,5575,15198,30,45,93,100
2009-12-25,2127.648,8823.8,3371,3895,14288,37,46,62,100
2009-12-26,2183.618,9081.2,1186,4294,16047,30,43,76,100
2009-12-27,2195.452,9165.2,4218,318,12450,34,48,71,93
2009-12-28,2094.098,8688.0,2175,2063,14934,34,43,81,100
2009-12-29,2047.968,8514.2,1260,346,10205,37,55,88,100
2009-12-30,2451.11,10322.6,5284,4539,12484,46,52,82,100
2009-12-31,2211.892,9218.4,0,387,19409,34,46,87,100
2010-01-01,1224.252,5093.4,2304,327,3558,27,34,70,93
2010-01-02,1308.836,5488.0,801,298,6424,25,39,61,100
2010-01-03,2083.454,8703.6,3842,4920,10074,27,39,70,100
2010-01-04,1604.132,6623.2,0,292,10812,19,28,69,93
2010-01-05,2219.78,9139.8,1785,293,16468,19,32,64,93
2010-01-06,1777.18,7361.4,1731,3256,11359,23,27,86,100
2010-01-07,1769.442,7300.4,1198,255,12936,14,28,80,100
2010-01-08,1797.208,7418.0,0,994,12531,9,27,80,100
2010-01-09,2336.9,9696.2,2781,4855,14734,25,30,74,100
2010-01-10,2508.466,10406.0,3564,2032,14108,0,30,80,93
2010-01-11,1518.684,6242.6,1251,340,10279,30,34,75,93
2010-01-12,1282.538,5336.8,552,3489,9569,30,32,80,87
2010-01-13,0.0,0.0,0,0,0,28,37,93,100
2010-01-14,618.488,2587.4,1890,84,1893,34,41,76,100
2010-01-15,2196.76,9122.4,1957,2952,13546,0,39,81,100
2010-01-16,2150.112,8956.4,2605,2415,13652,36,46,87,100
2010-01-17,1906.556,7951.0,1992,298,15044,37,50,71,93
2010-01-18,1881.098,7807.0,617,295,12981,34,39,93,100
2010-01-19,2433.5080000000003,10086.6,2044,653,19311,34,36,93,100
2010-01-20,2351.728,9807.4,2317,3341,14563,32,43,87,100
2010-01-21,2137.856,8873.2,894,449,16451,39,45,71,93
2010-01-22,1790.626,7463.8,699,352,14512,37,46,66,100
2010-01-23,2608.5099999999998,11030.4,3154,4086,16021,41,41,76,76
2010-01-24,2269.42,9511.4,3496,2760,11046,36,43,76,100
2010-01-25,1930.51,7992.0,1368,455,16136,34,43,70,100
2010-01-26,2067.564,8501.0,526,395,16243,28,36,74,93
2010-01-27,2760.902,11505.800000000001,2044,6403,18154,23,36,56,86
2010-01-28,2110.234,8731.2,2032,504,14987,34,43,65,100
2010-01-29,2092.9900000000002,8609.2,1488,851,18061,36,45,75,100
2010-01-30,2842.728,11962.4,3240,7544,17891,25,37,60,93
2010-01-31,1799.196,7491.2,1715,1380,12569,23,39,60,100
2010-02-01,1693.778,6995.2,1111,367,14623,30,43,57,93
2010-02-02,2157.432,8853.6,0,382,21536,30,45,87,93
2010-02-03,2903.014,12052.8,2234,8423,21130,45,50,76,93
2010-02-04,2316.27,9567.2,1074,532,23743,37,50,62,93
2010-02-05,2098.892,8748.6,902,474,18008,43,54,62,100
2010-02-06,2712.986,11423.8,4324,2209,17857,41,48,87,100
2010-02-07,1625.708,6806.6,2736,3837,5546,37,43,65,100
2010-02-08,2582.238,10666.8,1161,431,19764,34,39,75,93
2010-02-09,2420.932,9965.0,1214,410,19769,27,34,74,100
2010-02-10,1944.542,8071.0,1219,2976,12214,23,37,74,100
2010-02-11,1369.768,5626.6,0,330,9916,23,28,74,93
2010-02-12,1892.998,7787.6,1241,312,15211,25,34,65,86
2010-02-13,2351.556,9711.4,1838,5292,18710,25,28,74,86
2010-02-14,1686.698,6951.4,1223,318,13190,28,28,74,74
2010-02-15,2097.132,8701.0,3468,332,16065,27,36,65,100
2010-02-16,1797.756,7413.6,1945,317,12820,21,39,52,93
2010-02-17,2054.56,8555.4,2294,6636,10101,23,39,87,100
2010-02-18,1761.156,7255.0,965,385,14884,34,52,62,100
2010-02-19,1953.572,8142.0,2124,397,14543,32,46,50,100
2010-02-20,1983.728,8273.6,3748,382,14470,30,39,81,100
2010-02-21,2740.314,11575.2,5905,8142,17083,34,48,66,100
2010-02-22,1474.036,6213.6,1393,2167,10159,41,57,58,100
2010-02-23,1461.28,6126.6,0,3001,8806,46,55,77,100
2010-02-24,1914.278,7953.2,2260,1682,14315,43,54,72,100
2010-02-25,1880.204,7784.4,0,474,15120,46,54,82,100
2010-02-26,2120.156,8840.6,1146,2454,14821,43,52,41,100
2010-02-27,1765.056,7417.2,3743,441,14358,39,54,47,100
2010-02-28,711.666,2968.2,0,487,2952,41,55,61,100
2010-03-01,1298.728,5411.2,1785,471,7115,32,50,47,100
2010-03-02,766.906,3204.8,0,424,3605,41,52,44,93
2010-03-03,935.834,3935.6,0,425,7221,37,50,32,70
2010-03-04,682.88,2890.4,0,436,2928,36,45,43,65
2010-03-05,1133.726,4703.4,1108,351,5918,28,43,42,93
2010-03-06,794.712,3321.6,0,419,3970,30,45,48,93
2010-03-07,1372.472,5712.0,0,4674,3679,27,39,31,69
2010-03-08,2557.098,10691.2,4214,7645,15971,27,43,26,80
2010-03-09,1760.112,7316.2,846,397,10893,28,39,33,80
2010-03-10,1822.632,7483.6,1167,375,14916,28,48,24,60
2010-03-11,1951.09,8120.8,2071,320,15706,28,45,42,86
2010-03-12,1645.424,6800.0,1691,411,14076,28,43,53,93
2010-03-13,2383.01,9943.199999999999,2848,5534,17973,37,45,57,93
2010-03-14,1566.714,6616.6,3464,918,7101,37,48,53,81
2010-03-15,1791.85,7456.8,778,436,15053,34,54,47,100
2010-03-16,1542.65,6423.8,0,457,10083,34,57,31,93
2010-03-17,2009.1299999999999,8392.0,1136,5851,13105,34,63,24,81
2010-03-18,1562.682,6548.2,1147,570,10845,41,66,23,70
2010-03-19,1663.384,6920.6,0,596,12591,54,66,48,100
2010-03-20,131.732,549.6,0,25,969,54,61,77,100
2010-03-21,917.2819999999999,3891.2,1670,2807,3680,45,57,58,94
2010-03-22,1618.59,6749.4,1142,557,13859,39,59,51,100
2010-03-23,1822.162,7733.4,2892,1153,13107,39,61,52,100
2010-03-24,1994.752,8354.8,1075,5832,12817,45,66,46,87
2010-03-25,1679.884,6974.2,0,611,13797,54,64,52,94
2010-03-26,1651.2839999999999,6910.2,1078,682,12547,46,54,67,82
2010-03-27,1847.97,7766.599999999999,1067,3080,12483,43,55,62,100
2010-03-28,1798.214,7666.4,1083,7895,7118,45,57,77,100
2010-03-29,1622.738,6806.0,0,636,15420,52,64,56,94
2010-03-30,1906.454,8116.6,1760,571,13765,41,55,62,94
2010-03-31,1923.802,8154.599999999999,1067,6313,12041,41,52,43,87
2010-04-01,1687.44,7025.8,1780,517,14393,36,54,33,87
2010-04-02,1648.622,6816.2,0,483,13074,41,52,61,93
2010-04-03,1805.278,7446.2,1778,648,17694,45,52,71,93
2010-04-04,1690.388,7093.0,1097,831,12687,43,52,46,93
2010-04-05,1118.82,4707.0,1755,1436,5503,32,57,47,100
2010-04-06,1825.852,7572.8,1154,613,12476,37,66,28,93
2010-04-07,1596.982,6689.400000000001,1077,3440,11362,45,64,48,87
2010-04-08,1649.22,6853.0,145,669,13322,48,55,58,94
2010-04-09,1233.35,5141.6,1088,566,10595,41,63,39,81
2010-04-10,1190.208,5020.2,1044,960,8933,46,61,45,87
2010-04-11,1602.81,6815.0,5499,554,8850,41,54,47,87
2010-04-12,1439.426,5996.6,660,611,11949,39,55,44,87
2010-04-13,1512.704,6324.8,1097,646,13033,43,61,42,87
2010-04-14,1660.364,6979.6,1132,5871,9194,43,59,54,94
2010-04-15,1872.1779999999999,7812.6,2526,658,15667,43,59,45,93
2010-04-16,1562.062,6553.0,2837,592,12623,43,59,41,81
2010-04-17,1557.712,6549.2,553,3124,12571,37,64,30,87
2010-04-18,1476.106,6164.4,1104,618,12550,41,72,26,81
2010-04-19,1708.594,7146.6,1230,4255,13474,43,70,26,81
2010-04-20,1833.628,7677.0,1388,719,16668,43,63,37,81
2010-04-21,1579.914,6560.8,0,635,12902,34,63,32,87
2010-04-22,1460.904,6143.0,1062,653,12492,41,59,31,70
2010-04-23,1180.536,4946.8,0,623,10981,39,66,21,70
2010-04-24,1518.418,6603.0,4445,1483,8223,45,73,19,66
2010-04-25,1542.742,6511.0,0,2350,7595,46,72,38,87
2010-04-26,1082.7160000000001,4563.6,1038,460,7635,45,63,52,100
2010-04-27,1250.94,5206.8,0,545,8539,43,68,40,93
2010-04-28,867.858,3673.6,0,578,6035,45,77,26,93
2010-04-29,1103.724,4602.4,12,679,8102,52,81,32,82
2010-04-30,1118.628,4785.0,2695,659,6969,52,64,48,88
2010-05-01,1320.158,5659.0,1984,4885,6751,46,63,48,87
2010-05-02,2187.91,9248.4,1858,7966,14454,48,59,45,94
2010-05-03,1411.302,5988.8,980,534,11825,43,48,62,100
2010-05-04,1516.96,6483.6,0,1018,12007,43,52,47,81
2010-05-05,1805.308,7725.8,2969,2194,12183,41,54,47,81
2010-05-06,1299.25,5504.0,0,301,10280,43,59,39,81
2010-05-07,1644.004,6934.6,1053,332,13602,41,55,41,87
2010-05-08,1533.422,6458.8,3569,2435,10158,45,63,42,94
2010-05-09,1566.51,6679.4,2888,2636,9945,48,64,48,93
2010-05-10,1467.892,6134.6,0,403,12893,45,59,67,93
2010-05-11,1571.368,6543.0,1156,345,11418,43,48,87,100
2010-05-12,2035.4180000000001,8482.0,1036,4434,16362,43,54,54,87
2010-05-13,1552.4959999999999,6443.8,2123,1477,10527,43,52,58,87
2010-05-14,1722.146,7174.0,1045,334,16764,45,52,62,93
2010-05-15,1944.772,8221.4,3347,336,13670,43,59,34,93
2010-05-16,2100.426,8862.4,3361,3922,11888,39,64,40,100
2010-05-17,1628.182,6801.4,1014,367,15344,50,66,39,88
2010-05-18,1421.184,5930.4,0,370,11677,39,68,33,100
2010-05-19,1426.752,6013.8,2122,659,9864,45,66,26,76
2010-05-20,1153.898,4831.6,0,369,10101,46,72,35,76
2010-05-21,1294.396,5468.8,1073,381,10113,54,73,41,88
2010-05-22,2095.772,8865.4,2278,2441,17454,55,75,31,82
2010-05-23,1487.556,6333.2,864,416,9541,54,79,32,88
2010-05-24,1341.3319999999999,5718.4,1875,2467,7746,52,84,27,100
2010-05-25,1198.626,5171.0,474,451,10439,55,84,35,100
2010-05-26,1387.884,6026.4,914,4500,8530,61,70,64,88
2010-05-27,1323.342,5632.2,932,443,10669,55,63,82,100
2010-05-28,1398.164,5902.6,1020,413,11616,52,68,32,94
2010-05-29,2049.808,8698.4,4057,400,16635,50,64,48,94
2010-05-30,1665.7,7059.0,2405,2976,9708,55,63,68,100
2010-05-31,1340.462,5721.2,1710,2171,10461,54,63,55,82
2010-06-01,1268.964,5354.2,970,400,11858,46,63,68,100
2010-06-02,980.898,4198.8,0,656,8454,54,70,43,100
2010-06-03,1394.186,5982.0,2916,451,12304,54,75,44,77
2010-06-04,1420.554,6052.8,1695,397,12517,57,81,34,77
2010-06-05,2009.644,8777.0,10932,1253,12223,57,82,35,100
2010-06-06,1746.792,7615.0,7609,574,11365,63,72,56,94
2010-06-07,1012.082,4367.4,1821,488,6737,52,73,41,94
2010-06-08,1362.034,5808.6,1513,821,11374,61,72,53,82
2010-06-09,1534.682,6544.4,2774,4269,8255,59,64,77,100
2010-06-10,1215.19,5171.8,0,474,10870,61,75,65,100
2010-06-11,1470.672,6354.0,3439,468,11728,59,79,39,100
2010-06-12,1973.108,8414.8,2705,3657,16184,59,68,60,100
2010-06-13,1674.356,7286.4,4922,2516,9096,52,68,52,82
2010-06-14,1217.984,5203.8,958,473,10336,55,68,56,88
2010-06-15,1223.966,5217.0,0,488,10144,57,70,56,94
2010-06-16,1768.0919999999999,7464.6,1875,4999,10336,52,70,46,76
2010-06-17,1028.018,4393.4,0,488,8510,59,68,56,77
2010-06-18,1332.316,5682.2,977,454,11977,57,68,56,88
2010-06-19,1416.22,6068.4,2385,1803,9554,52,61,45,88
2010-06-20,1672.55,7091.2,1021,4195,12337,50,59,55,76
2010-06-21,1660.8899999999999,7124.6,3824,3525,11179,48,64,49,82
2010-06-22,1520.588,6597.6,968,6176,9230,50,73,35,94
2010-06-23,1442.064,6311.8,5740,1500,10188,52,77,36,94
2010-06-24,1095.78,4715.4,973,883,8090,55,82,32,82
2010-06-25,1099.438,4782.4,0,689,10466,59,82,28,82
2010-06-26,981.62,4323.8,921,1221,7939,61,84,33,82
2010-06-27,1139.964,5018.8,2665,764,7690,63,88,29,82
2010-06-28,1471.34,6296.4,0,809,12516,66,86,33,88
2010-06-29,1367.296,5988.6,1746,1978,8263,63,84,25,94
2010-06-30,1384.136,5895.0,398,806,5214,57,88,25,88
